/*
SQLyog 企业版 - MySQL GUI v7.14 
MySQL - 5.6.23-log : Database - myshop
*********************************************************************
*/

/*!40101 SET NAMES utf8 */;

/*!40101 SET SQL_MODE=''*/;

/*!40014 SET @OLD_FOREIGN_KEY_CHECKS=@@FOREIGN_KEY_CHECKS, FOREIGN_KEY_CHECKS=0 */;
/*!40101 SET @OLD_SQL_MODE=@@SQL_MODE, SQL_MODE='NO_AUTO_VALUE_ON_ZERO' */;

CREATE DATABASE /*!32312 IF NOT EXISTS*/`myshop` /*!40100 DEFAULT CHARACTER SET utf8 */;

USE `myshop`;

/*Table structure for table `auth_group` */

DROP TABLE IF EXISTS `auth_group`;

CREATE TABLE `auth_group` (
  `id` int(11) NOT NULL AUTO_INCREMENT,
  `name` varchar(80) NOT NULL,
  PRIMARY KEY (`id`),
  UNIQUE KEY `name` (`name`)
) ENGINE=InnoDB DEFAULT CHARSET=utf8;

/*Data for the table `auth_group` */

/*Table structure for table `auth_group_permissions` */

DROP TABLE IF EXISTS `auth_group_permissions`;

CREATE TABLE `auth_group_permissions` (
  `id` int(11) NOT NULL AUTO_INCREMENT,
  `group_id` int(11) NOT NULL,
  `permission_id` int(11) NOT NULL,
  PRIMARY KEY (`id`),
  UNIQUE KEY `auth_group_permissions_group_id_permission_id_0cd325b0_uniq` (`group_id`,`permission_id`),
  KEY `auth_group_permissio_permission_id_84c5c92e_fk_auth_perm` (`permission_id`),
  CONSTRAINT `auth_group_permissio_permission_id_84c5c92e_fk_auth_perm` FOREIGN KEY (`permission_id`) REFERENCES `auth_permission` (`id`),
  CONSTRAINT `auth_group_permissions_group_id_b120cbf9_fk_auth_group_id` FOREIGN KEY (`group_id`) REFERENCES `auth_group` (`id`)
) ENGINE=InnoDB DEFAULT CHARSET=utf8;

/*Data for the table `auth_group_permissions` */

/*Table structure for table `auth_permission` */

DROP TABLE IF EXISTS `auth_permission`;

CREATE TABLE `auth_permission` (
  `id` int(11) NOT NULL AUTO_INCREMENT,
  `name` varchar(255) NOT NULL,
  `content_type_id` int(11) NOT NULL,
  `codename` varchar(100) NOT NULL,
  PRIMARY KEY (`id`),
  UNIQUE KEY `auth_permission_content_type_id_codename_01ab375a_uniq` (`content_type_id`,`codename`),
  CONSTRAINT `auth_permission_content_type_id_2f476e4b_fk_django_co` FOREIGN KEY (`content_type_id`) REFERENCES `django_content_type` (`id`)
) ENGINE=InnoDB AUTO_INCREMENT=19 DEFAULT CHARSET=utf8;

/*Data for the table `auth_permission` */

insert  into `auth_permission`(`id`,`name`,`content_type_id`,`codename`) values (1,'Can add log entry',1,'add_logentry'),(2,'Can change log entry',1,'change_logentry'),(3,'Can delete log entry',1,'delete_logentry'),(4,'Can add permission',2,'add_permission'),(5,'Can change permission',2,'change_permission'),(6,'Can delete permission',2,'delete_permission'),(7,'Can add group',3,'add_group'),(8,'Can change group',3,'change_group'),(9,'Can delete group',3,'delete_group'),(10,'Can add user',4,'add_user'),(11,'Can change user',4,'change_user'),(12,'Can delete user',4,'delete_user'),(13,'Can add content type',5,'add_contenttype'),(14,'Can change content type',5,'change_contenttype'),(15,'Can delete content type',5,'delete_contenttype'),(16,'Can add session',6,'add_session'),(17,'Can change session',6,'change_session'),(18,'Can delete session',6,'delete_session');

/*Table structure for table `auth_user` */

DROP TABLE IF EXISTS `auth_user`;

CREATE TABLE `auth_user` (
  `id` int(11) NOT NULL AUTO_INCREMENT,
  `password` varchar(128) NOT NULL,
  `last_login` datetime(6) DEFAULT NULL,
  `is_superuser` tinyint(1) NOT NULL,
  `username` varchar(150) NOT NULL,
  `first_name` varchar(30) NOT NULL,
  `last_name` varchar(30) NOT NULL,
  `email` varchar(254) NOT NULL,
  `is_staff` tinyint(1) NOT NULL,
  `is_active` tinyint(1) NOT NULL,
  `date_joined` datetime(6) NOT NULL,
  PRIMARY KEY (`id`),
  UNIQUE KEY `username` (`username`)
) ENGINE=InnoDB DEFAULT CHARSET=utf8;

/*Data for the table `auth_user` */

/*Table structure for table `auth_user_groups` */

DROP TABLE IF EXISTS `auth_user_groups`;

CREATE TABLE `auth_user_groups` (
  `id` int(11) NOT NULL AUTO_INCREMENT,
  `user_id` int(11) NOT NULL,
  `group_id` int(11) NOT NULL,
  PRIMARY KEY (`id`),
  UNIQUE KEY `auth_user_groups_user_id_group_id_94350c0c_uniq` (`user_id`,`group_id`),
  KEY `auth_user_groups_group_id_97559544_fk_auth_group_id` (`group_id`),
  CONSTRAINT `auth_user_groups_group_id_97559544_fk_auth_group_id` FOREIGN KEY (`group_id`) REFERENCES `auth_group` (`id`),
  CONSTRAINT `auth_user_groups_user_id_6a12ed8b_fk_auth_user_id` FOREIGN KEY (`user_id`) REFERENCES `auth_user` (`id`)
) ENGINE=InnoDB DEFAULT CHARSET=utf8;

/*Data for the table `auth_user_groups` */

/*Table structure for table `auth_user_user_permissions` */

DROP TABLE IF EXISTS `auth_user_user_permissions`;

CREATE TABLE `auth_user_user_permissions` (
  `id` int(11) NOT NULL AUTO_INCREMENT,
  `user_id` int(11) NOT NULL,
  `permission_id` int(11) NOT NULL,
  PRIMARY KEY (`id`),
  UNIQUE KEY `auth_user_user_permissions_user_id_permission_id_14a6b632_uniq` (`user_id`,`permission_id`),
  KEY `auth_user_user_permi_permission_id_1fbb5f2c_fk_auth_perm` (`permission_id`),
  CONSTRAINT `auth_user_user_permi_permission_id_1fbb5f2c_fk_auth_perm` FOREIGN KEY (`permission_id`) REFERENCES `auth_permission` (`id`),
  CONSTRAINT `auth_user_user_permissions_user_id_a95ead1b_fk_auth_user_id` FOREIGN KEY (`user_id`) REFERENCES `auth_user` (`id`)
) ENGINE=InnoDB DEFAULT CHARSET=utf8;

/*Data for the table `auth_user_user_permissions` */

/*Table structure for table `django_admin_log` */

DROP TABLE IF EXISTS `django_admin_log`;

CREATE TABLE `django_admin_log` (
  `id` int(11) NOT NULL AUTO_INCREMENT,
  `action_time` datetime(6) NOT NULL,
  `object_id` longtext,
  `object_repr` varchar(200) NOT NULL,
  `action_flag` smallint(5) unsigned NOT NULL,
  `change_message` longtext NOT NULL,
  `content_type_id` int(11) DEFAULT NULL,
  `user_id` int(11) NOT NULL,
  PRIMARY KEY (`id`),
  KEY `django_admin_log_content_type_id_c4bce8eb_fk_django_co` (`content_type_id`),
  KEY `django_admin_log_user_id_c564eba6_fk_auth_user_id` (`user_id`),
  CONSTRAINT `django_admin_log_content_type_id_c4bce8eb_fk_django_co` FOREIGN KEY (`content_type_id`) REFERENCES `django_content_type` (`id`),
  CONSTRAINT `django_admin_log_user_id_c564eba6_fk_auth_user_id` FOREIGN KEY (`user_id`) REFERENCES `auth_user` (`id`)
) ENGINE=InnoDB DEFAULT CHARSET=utf8;

/*Data for the table `django_admin_log` */

/*Table structure for table `django_content_type` */

DROP TABLE IF EXISTS `django_content_type`;

CREATE TABLE `django_content_type` (
  `id` int(11) NOT NULL AUTO_INCREMENT,
  `app_label` varchar(100) NOT NULL,
  `model` varchar(100) NOT NULL,
  PRIMARY KEY (`id`),
  UNIQUE KEY `django_content_type_app_label_model_76bd3d3b_uniq` (`app_label`,`model`)
) ENGINE=InnoDB AUTO_INCREMENT=7 DEFAULT CHARSET=utf8;

/*Data for the table `django_content_type` */

insert  into `django_content_type`(`id`,`app_label`,`model`) values (1,'admin','logentry'),(3,'auth','group'),(2,'auth','permission'),(4,'auth','user'),(5,'contenttypes','contenttype'),(6,'sessions','session');

/*Table structure for table `django_migrations` */

DROP TABLE IF EXISTS `django_migrations`;

CREATE TABLE `django_migrations` (
  `id` int(11) NOT NULL AUTO_INCREMENT,
  `app` varchar(255) NOT NULL,
  `name` varchar(255) NOT NULL,
  `applied` datetime(6) NOT NULL,
  PRIMARY KEY (`id`)
) ENGINE=InnoDB AUTO_INCREMENT=14 DEFAULT CHARSET=utf8;

/*Data for the table `django_migrations` */

insert  into `django_migrations`(`id`,`app`,`name`,`applied`) values (1,'contenttypes','0001_initial','2017-09-03 06:31:09.010282'),(2,'auth','0001_initial','2017-09-03 06:31:13.512880'),(3,'admin','0001_initial','2017-09-03 06:31:14.185122'),(4,'admin','0002_logentry_remove_auto_add','2017-09-03 06:31:14.325550'),(5,'contenttypes','0002_remove_content_type_name','2017-09-03 06:31:14.832073'),(6,'auth','0002_alter_permission_name_max_length','2017-09-03 06:31:15.023635'),(7,'auth','0003_alter_user_email_max_length','2017-09-03 06:31:15.189714'),(8,'auth','0004_alter_user_username_opts','2017-09-03 06:31:15.214785'),(9,'auth','0005_alter_user_last_login_null','2017-09-03 06:31:15.422842'),(10,'auth','0006_require_contenttypes_0002','2017-09-03 06:31:15.428763'),(11,'auth','0007_alter_validators_add_error_messages','2017-09-03 06:31:15.458436'),(12,'auth','0008_alter_user_username_max_length','2017-09-03 06:31:15.696787'),(13,'sessions','0001_initial','2017-09-03 06:31:15.880474');

/*Table structure for table `django_session` */

DROP TABLE IF EXISTS `django_session`;

CREATE TABLE `django_session` (
  `session_key` varchar(40) NOT NULL,
  `session_data` longtext NOT NULL,
  `expire_date` datetime(6) NOT NULL,
  PRIMARY KEY (`session_key`),
  KEY `django_session_expire_date_a5c62663` (`expire_date`)
) ENGINE=InnoDB DEFAULT CHARSET=utf8;

/*Data for the table `django_session` */

insert  into `django_session`(`session_key`,`session_data`,`expire_date`) values ('0haeqzna936dtxaf05hmaq9tm3163o4e','NDRlYTIwN2ZkOWY5MjJlMDQ3OWJhNjNhMjEyNWI1NGIyMTZlZDFiZTp7InZlcmlmeWNvZGUiOiJOUkkzIiwiYWRtaW51c2VyIjoiIiwic2hvcGxpc3QiOnsiMSI6eyJpZCI6MSwiZ29vZHMiOiJcdTliNDVcdTY1Y2ZQUk8gNyBQbHVzIiwicHJpY2UiOjM1ODAuMCwibnVtIjoxMDAwLCJwaWNuYW1lIjoiMTUwNTI0MTM3OC5wbmciLCJzdG9yZSI6MTAwMDAsIm0iOjV9fX0=','2017-09-28 21:11:46.463095'),('0k74pibs5wui3jsz7ayj046lqdpotsxp','NDg4ZGU0NjkzZDQ3Y2Y2MDIwM2EzZmYwYmZjMTExYTc3ZTI4NDhhMzp7InBhdGgiOiIvY2FydCIsInNob3BsaXN0Ijp7fSwidmVyaWZ5Y29kZSI6IlVINjciLCJhZG1pbnVzZXIiOnsiaWQiOjEsInVzZXJuYW1lIjoiYWRtaW4iLCJuYW1lIjoiYWRtaW4iLCJhZGRyZXNzIjoiIiwicGhvbmUiOiIxMzkzMDE3NTA1NiIsImNvZGUiOiIxMTExIiwic2hvcGNhcnQiOnt9fX0=','2017-09-30 16:28:36.397239'),('1s63lzes1jjfrh3xk0am49ha5f2rht7k','ZDBkMjMyYzUwOTg1YjRhZjVjY2E0NThkOGZhYzA4ODBiZmVjNzZjMDp7InZlcmlmeWNvZGUiOiJHRVFYIiwiYWRtaW51c2VyIjp7ImlkIjo0NCwidXNlcm5hbWUiOiJ4aWFvbGkyIiwibmFtZSI6Ilx1ODA5Nlx1OWVjZSIsImFkZHJlc3MiOiJcdTUzMTdcdTRlYWNcdTVlMDJcdTY2MGNcdTVlNzNcdTUzM2FcdTUzNGVcdTlmOTlcdTgyZDFcdTUzNTdcdTkxY2MyXHU1M2Y3XHU2OTdjMVx1NTM1NVx1NTE0MzEwMlxyXG4iLCJwaG9uZSI6IjEzOTMwMTc1MDQ2IiwiY29kZSI6IiIsInNob3BjYXJ0Ijp7fX19','2017-09-30 15:29:14.986984'),('1yk4yog71plmqqzqzmhuwjvu0figy1mk','YTY5MTBjZWI4MjgxYjdkODFhY2FiZmQ2YjZiY2RjNjcxNjNkMmU4MTp7InNob3BsaXN0Ijp7IjQzIjp7ImlkIjo0MywiZ29vZHMiOiJcdTliNDVcdTY1Y2ZcdTg0ZGRcdTcyNTlcdTVjMGZcdTk3ZjNcdTdiYjEiLCJwcmljZSI6MTY5LjAsIm51bSI6bnVsbCwicGljbmFtZSI6IjE1MDUzMjM0MzYuanBnIiwic3RvcmUiOjIwLCJkZXNjciI6Ilx1NTk3ZFx1OTdmM1x1NjExZiBcdTc2ZjRcdThmYmVcdTVmYzNcdTcwNzUiLCJtIjoxfSwiMjYiOnsiaWQiOjI2LCJnb29kcyI6Ilx1OWI0NVx1ODRkZCBOb3RlNiIsInByaWNlIjoxMjk5LjAsIm51bSI6bnVsbCwicGljbmFtZSI6IjE1MDUzMjA2NzUuanBnIiwic3RvcmUiOjIwLCJkZXNjciI6IjE2Ry8zMkdcdTY4MDdcdTkxNGRcdTcyNDhcdTZiY2ZcdTU0NjhcdTRlMDAxMDowMFx1OTg4NFx1NTUyZSAgXHU2NTJmXHU2MzAxMTI4R1x1NjI2OVx1NWM1NSIsIm0iOjF9LCI0MiI6eyJpZCI6NDIsImdvb2RzIjoiXHU5YjQ1XHU2NWNmIEVQNTFcdTg0ZGRcdTcyNTlcdThmZDBcdTUyYThcdTgwMzNcdTY3M2EiLCJwcmljZSI6MjI5LjAsIm51bSI6bnVsbCwicGljbmFtZSI6IjE1MDUzMjMzNDcuanBnIiwic3RvcmUiOjIwLCJkZXNjciI6Ilx1ODFmYlx1NGVhYlx1OTdmM1x1OGQyOCBcdTgxZWFcdTU3MjhcdThmZDBcdTUyYTgiLCJtIjoxfX0sInZlcmlmeWNvZGUiOiI1R0hZIiwiYWRtaW51c2VyIjoiYWRtaW4ifQ==','2017-09-29 10:27:49.220973'),('20kvcx9s47nk550qu9enwuajh7ias6mc','M2ZlMjA2MTJmNTAwZGIxY2UxOGNhNGRhNjI0OWQ3MmZmYTcwOWFjNTp7InZlcmlmeWNvZGUiOiI4VEpQIiwiYWRtaW51c2VyIjoiYWRtaW4ifQ==','2017-09-26 16:29:51.328344'),('27zipz2psfc38sf7q7ibhk5cilbijfba','ZWFmYjc0ODQ5YzQ1ODE1MjczNGI4YzM2ZTExYTRmZWRhZWJmZDIxMzp7InZlcmlmeWNvZGUiOiI0NDVWIiwic2hvcGxpc3QiOnsiMzUiOnsiaWQiOjM1LCJnb29kcyI6Ilx1N2ViZFx1NjZmY1x1NjY3YVx1ODBmZFx1NzczY1x1OTU1Y1x1ODY1YVx1NjJkZlx1NzNiMFx1NWI5ZTNEXHU3NzNjXHU5NTVjTk0tVlIwMSIsInByaWNlIjo4OS4wLCJudW0iOjAsInBpY25hbWUiOiIxNTA1MzIyMDk1LmpwZyIsInN0b3JlIjoxMjIyMiwiZGVzY3IiOiJcdTRlNzBcdTUzNzNcdTkwMDFcdTYyNGJcdTY3YzQgXHU1MTliXHU1ZGU1XHU1ZGU1XHU4MjdhIFx1ODIxMlx1OTAwMlx1OTAwZlx1NmMxNFx1NTM0N1x1N2VhNyBcdTk2MzJcdTc1YjJcdTUyYjMiLCJtIjoxfX0sIm9yZGVybGlzdCI6eyIzNiI6eyJpZCI6MzYsImdvb2RzIjoiXHU2NmI0XHU5OGNlXHU5YjU0XHU5NTVjXHU1YzBmTVx1ODY1YVx1NjJkZlx1NzNiMFx1NWI5ZVx1NjY3YVx1ODBmZFZSXHU3NzNjXHU5NTVjIFx1NTdmYVx1Nzg0MFx1NzI0OCIsInByaWNlIjo0OS4wLCJudW0iOjAsInBpY25hbWUiOiIxNTA1MzIyNjg5LmpwZyIsInN0b3JlIjoxMjIyMiwiZGVzY3IiOiJJTUFYXHU1ZGU4XHU1YzRmXHU1ZjcxXHU5NjYyIDM2MFx1NWVhNlx1NTE2OFx1NWY3MVx1ODljNlx1OTg5MVxyXG4iLCJtIjoxfX0sInRvdGFsIjo0OS4wfQ==','2017-10-01 15:10:59.644400'),('2sq4x6vqk2aufuu1u2do348np4mrn77j','NDg3YWNkYjY3MTY0OGM0NjY4OWJhM2MxNjI0YTEyYWZiNGEyZmM3ODp7InZlcmlmeWNvZGUiOiJKSDZKIiwiYWRtaW51c2VyIjoiYWRtaW4ifQ==','2017-09-18 12:54:26.654996'),('3lzg7033m0ispjl86jok0m3t8mm6z0ko','MzBhNDAwZWQ4YTIyMzY2M2Q2OGQxMzYzYzA2OGU4NGYwNmFmMmY4Yzp7InZlcmlmeWNvZGUiOiI3MVVUIiwiYWRtaW51c2VyIjp7ImlkIjo0NCwidXNlcm5hbWUiOiJ4aWFvbGkyIiwibmFtZSI6Ilx1ODA5Nlx1OWVjZSIsImFkZHJlc3MiOiJcdTUzMTdcdTRlYWNcdTVlMDJcdTY2MGNcdTVlNzNcdTUzM2FcdTUzNGVcdTlmOTlcdTgyZDFcdTUzNTdcdTkxY2MyXHU1M2Y3XHU2OTdjMVx1NTM1NVx1NTE0MzEwMlxyXG4iLCJwaG9uZSI6IjEzOTMwMTc1MDQ2IiwiY29kZSI6IiIsInNob3BjYXJ0Ijp7IjMxIjp7ImlkIjozMSwiZ29vZHMiOiJDSUxJTkUtXHU2YzgxXHU5ZTlmXHU2NjdhXHU4MGZkXHU4YzAzXHU2ZTI5XHU1MTdiXHU3NTFmXHU1OGY2IiwicHJpY2UiOjIyOS4wLCJudW0iOjAsInBpY25hbWUiOiIxNTA1MzIxNzk2LmpwZyIsInN0b3JlIjoxMjIyMiwiZGVzY3IiOiJcdTRmNjBcdTY3NjVcdTU0YzFcdTgzMzZcdTYxYzJcdTgzMzYgXHU1MTdiXHU3NTFmXHU1OGY2XHU0ZjFhXHU1NGMxXHU0ZjYwXHU2MWMyXHU0ZjYwIFx1NjA1Mlx1NWI5YVx1NmMzNFx1NmUyOSBcdTUzZWZcdTk4ODRcdTdlYTYiLCJtIjoxfX19LCJzaG9wbGlzdCI6eyIzMSI6eyJpZCI6MzEsImdvb2RzIjoiQ0lMSU5FLVx1NmM4MVx1OWU5Zlx1NjY3YVx1ODBmZFx1OGMwM1x1NmUyOVx1NTE3Ylx1NzUxZlx1NThmNiIsInByaWNlIjoyMjkuMCwibnVtIjowLCJwaWNuYW1lIjoiMTUwNTMyMTc5Ni5qcGciLCJzdG9yZSI6MTIyMjIsImRlc2NyIjoiXHU0ZjYwXHU2NzY1XHU1NGMxXHU4MzM2XHU2MWMyXHU4MzM2IFx1NTE3Ylx1NzUxZlx1NThmNlx1NGYxYVx1NTRjMVx1NGY2MFx1NjFjMlx1NGY2MCBcdTYwNTJcdTViOWFcdTZjMzRcdTZlMjkgXHU1M2VmXHU5ODg0XHU3ZWE2IiwibSI6MX19fQ==','2017-09-30 15:25:01.460912'),('4kr3hkui2ahk5j8anwzgfybe3elykrz9','ZGEzNDNlOWQ5NTM5MDI5MjQ1NzczYjAwYzdiMmQwODkzZWE5ODdhZTp7InZlcmlmeWNvZGUiOiJaQ0UyIiwiYWRtaW51c2VyIjoiYWRtaW4ifQ==','2017-10-01 00:21:31.883778'),('55ol59hx2an9p0m3hxe180in4amvz4lu','NWJmNDg0ODJhN2E4NzYzNjUxNTk4ZGQ0NGQ3ZDJkMTViMjgyZjIxODp7InNob3BsaXN0Ijp7IjQzIjp7ImlkIjo0MywiZ29vZHMiOiJcdTliNDVcdTY1Y2ZcdTg0ZGRcdTcyNTlcdTVjMGZcdTk3ZjNcdTdiYjEiLCJwcmljZSI6MTY5LjAsIm51bSI6bnVsbCwicGljbmFtZSI6IjE1MDUzMjM0MzYuanBnIiwic3RvcmUiOjIwLCJkZXNjciI6Ilx1NTk3ZFx1OTdmM1x1NjExZiBcdTc2ZjRcdThmYmVcdTVmYzNcdTcwNzUiLCJtIjo2fSwiNDciOnsiaWQiOjQ3LCJnb29kcyI6Ilx1OWI0NVx1NjVjZlx1NzlmYlx1NTJhOFx1NzUzNVx1NmU5MFx1ZmYwOFx1NjgwN1x1NTFjNlx1NzI0OFx1ZmYwOSIsInByaWNlIjo5OS4wLCJudW0iOm51bGwsInBpY25hbWUiOiIxNTA1MzIzODEyLmpwZyIsInN0b3JlIjoyMCwiZGVzY3IiOiJcdTdkMjBcdTk2YzVcdTc2N2VcdTY0MmQgXHU5ODljXHU1MDNjXHU1MTc4XHU4MzAzIiwibSI6NX19fQ==','2017-09-29 06:17:35.228677'),('5t4aorrnxcjr47iaepdnvs10x4abkqc2','MjBjMzE3MmEwZjJiMDBhNDFhZTRmN2FjOTYyM2RlMjA3MDYwMmY5Mjp7InNob3BsaXN0Ijp7IjMiOnsiaWQiOjMsImdvb2RzIjoiXHU5YjQ1XHU2NWNmIE1YNiIsInByaWNlIjoxNTk5LjAsIm51bSI6MTAwMCwicGljbmFtZSI6IjE1MDUyNDEyNjEuanBnIiwic3RvcmUiOjIwLCJkZXNjciI6Ilx1NTE2OFx1OTFkMVx1NWM1ZVx1NWZlYlx1NTE0NVx1NjJjZFx1NzE2N1x1NjVkN1x1ODIzMCAgXHU4ZDJkXHU2NzNhXHU0ZWFiNlx1NjcxZlx1NTE0ZFx1NjA2ZiIsIm0iOjZ9LCIyNiI6eyJpZCI6MjYsImdvb2RzIjoiXHU5YjQ1XHU4NGRkIE5vdGU2IiwicHJpY2UiOjEyOTkuMCwibnVtIjpudWxsLCJwaWNuYW1lIjoiMTUwNTMyMDY3NS5qcGciLCJzdG9yZSI6MjAsImRlc2NyIjoiMTZHLzMyR1x1NjgwN1x1OTE0ZFx1NzI0OFx1NmJjZlx1NTQ2OFx1NGUwMDEwOjAwXHU5ODg0XHU1NTJlICBcdTY1MmZcdTYzMDExMjhHXHU2MjY5XHU1YzU1IiwibSI6NX19fQ==','2017-09-29 06:35:48.735194'),('5w5ldyuno85c60wr8gl6wt5ho2zy84i5','MDdiNjNhNWY2Y2U0YTlmNDU2NmYxZWNhMjU2ZmQzMDBlNDViMjhjNjp7InZlcmlmeWNvZGUiOiJHVU8yIiwiYWRtaW51c2VyIjoiYWRtaW4iLCJzaG9wbGlzdCI6eyIyIjp7ImlkIjoyLCJnb29kcyI6Ilx1OWI0NVx1NjVjZlBSTyA2IFBsdXMiLCJwcmljZSI6MjY5OS4wLCJudW0iOjIsInBpY25hbWUiOiIxNTA1MjQxMjQyLmpwZyIsInN0b3JlIjoyMCwiZGVzY3IiOiJcdTc2ZjRcdTk2NGQyMDBcdTUxNDNcdWZmMGNcdTRlYzVcdTU1MmUyMjk5XHU1MTQzIFx1NGVhYjZcdTY3MWZcdTUxNGRcdTYwNmYiLCJtIjo2fSwiMjYiOnsiaWQiOjI2LCJnb29kcyI6Ilx1OWI0NVx1ODRkZCBOb3RlNiIsInByaWNlIjoxMjk5LjAsIm51bSI6MiwicGljbmFtZSI6IjE1MDUzMjA2NzUuanBnIiwic3RvcmUiOjIwLCJkZXNjciI6IjE2Ry8zMkdcdTY4MDdcdTkxNGRcdTcyNDhcdTZiY2ZcdTU0NjhcdTRlMDAxMDowMFx1OTg4NFx1NTUyZSAgXHU2NTJmXHU2MzAxMTI4R1x1NjI2OVx1NWM1NSIsIm0iOjF9LCIzMSI6eyJpZCI6MzEsImdvb2RzIjoiQ0lMSU5FLVx1NmM4MVx1OWU5Zlx1NjY3YVx1ODBmZFx1OGMwM1x1NmUyOVx1NTE3Ylx1NzUxZlx1NThmNiIsInByaWNlIjoyMjkuMCwibnVtIjozLCJwaWNuYW1lIjoiMTUwNTMyMTc5Ni5qcGciLCJzdG9yZSI6MTIyMjIsImRlc2NyIjoiXHU0ZjYwXHU2NzY1XHU1NGMxXHU4MzM2XHU2MWMyXHU4MzM2IFx1NTE3Ylx1NzUxZlx1NThmNlx1NGYxYVx1NTRjMVx1NGY2MFx1NjFjMlx1NGY2MCBcdTYwNTJcdTViOWFcdTZjMzRcdTZlMjkgXHU1M2VmXHU5ODg0XHU3ZWE2IiwibSI6NH19fQ==','2017-09-30 01:05:18.246530'),('627os92x2ids0f5uo0w789wwlg7gksgx','OTIwODg1MmFiN2Y1ZGIzODg4YzViZjgxZGZiMWI0YjU0M2RkYmVkYjp7InZlcmlmeWNvZGUiOiJMVkNSIiwiYWRtaW51c2VyIjoiYWRtaW4ifQ==','2017-09-18 10:52:09.265136'),('6f9hvfiea5jcm73banotga3m2rqn7j6s','YmJiMzZhM2I5NTJiNzhkZDkyY2E1YjQ3ZTU2ODIxYzE0M2JkMjAzMTp7InNob3BsaXN0Ijp7IjEiOnsiaWQiOjEsImdvb2RzIjoiXHU5YjQ1XHU2NWNmUFJPIDcgUGx1cyIsInByaWNlIjozNTgwLjAsIm51bSI6MTAwMCwicGljbmFtZSI6IjE1MDUyNDEzNzgucG5nIiwic3RvcmUiOjEwMDAwLCJtIjoxfX19','2017-09-28 20:26:28.694972'),('7ibqu8aejij796u3fgii2jqnagmbjfko','ZDkwZTRkOWRjZGM0OTM1MWZmODM4N2JjMTFjMzkxMTdmMTk1NDJmMjp7InZlcmlmeWNvZGUiOiJKTEJXIiwic2hvcGxpc3QiOnsiMzYiOnsiaWQiOjM2LCJnb29kcyI6Ilx1NjZiNFx1OThjZVx1OWI1NFx1OTU1Y1x1NWMwZk1cdTg2NWFcdTYyZGZcdTczYjBcdTViOWVcdTY2N2FcdTgwZmRWUlx1NzczY1x1OTU1YyBcdTU3ZmFcdTc4NDBcdTcyNDgiLCJwcmljZSI6NDkuMCwibnVtIjowLCJwaWNuYW1lIjoiMTUwNTMyMjY4OS5qcGciLCJzdG9yZSI6MTIyMjIsImRlc2NyIjoiSU1BWFx1NWRlOFx1NWM0Zlx1NWY3MVx1OTY2MiAzNjBcdTVlYTZcdTUxNjhcdTVmNzFcdTg5YzZcdTk4OTFcclxuIiwibSI6MX0sIjIiOnsiaWQiOjIsImdvb2RzIjoiXHU5YjQ1XHU2NWNmUFJPIDYgUGx1cyIsInByaWNlIjoyNjk5LjAsIm51bSI6MCwicGljbmFtZSI6IjE1MDUyNDEyNDIuanBnIiwic3RvcmUiOjIwLCJkZXNjciI6Ilx1NzZmNFx1OTY0ZDIwMFx1NTE0M1x1ZmYwY1x1NGVjNVx1NTUyZTIyOTlcdTUxNDMgXHU0ZWFiNlx1NjcxZlx1NTE0ZFx1NjA2ZiIsIm0iOjF9fSwiYWRtaW51c2VyIjp7ImlkIjo0NCwidXNlcm5hbWUiOiJ4aWFvbGkyIiwibmFtZSI6Ilx1ODA5Nlx1OWVjZSIsImFkZHJlc3MiOiJcdTUzMTdcdTRlYWNcdTVlMDJcdTY2MGNcdTVlNzNcdTUzM2FcdTUzNGVcdTlmOTlcdTgyZDFcdTUzNTdcdTkxY2MyXHU1M2Y3XHU2OTdjMVx1NTM1NVx1NTE0MzEwMlxyXG4iLCJwaG9uZSI6IjEzOTMwMTc1MDQ2IiwiY29kZSI6IjExMDExIiwic2hvcGNhcnQiOnt9fX0=','2017-10-01 06:07:06.023084'),('904tru2l49cxgnjrx423wuku1qgxiprw','M2I5YmM4MTBjOTJhNjg4YmU4OWVkOWE1ZGNhMDlhMGM1OTNiYTI0Njp7InNob3BsaXN0Ijp7fSwidmVyaWZ5Y29kZSI6IlhCV1AiLCJhZG1pbnVzZXIiOnsiaWQiOjQ0LCJ1c2VybmFtZSI6InhpYW9saTIiLCJuYW1lIjoiXHU4MDk2XHU5ZWNlIiwiYWRkcmVzcyI6Ilx1NTMxN1x1NGVhY1x1NWUwMlx1NjYwY1x1NWU3M1x1NTMzYVx1NTM0ZVx1OWY5OVx1ODJkMVx1NTM1N1x1OTFjYzJcdTUzZjdcdTY5N2MxXHU1MzU1XHU1MTQzMTAyXHJcbiIsInBob25lIjoiMTM5MzAxNzUwNDYiLCJjb2RlIjoiIiwic2hvcGNhcnQiOnt9fX0=','2017-09-30 15:26:12.616074'),('90hbl8mlk3p3km0j3r9jmx30n9fzx5pc','ZGY5ODk1MmE3ZjAxYjNiNzk1MWQyYzhlYTMyYTVmNDU2ZTdkNDQ0NTp7InNob3BsaXN0Ijp7IjMiOnsiaWQiOjMsImdvb2RzIjoiXHU5YjQ1XHU2NWNmIE1YNiIsInByaWNlIjoxNTk5LjAsIm51bSI6MTAwMCwicGljbmFtZSI6IjE1MDUyNDEyNjEuanBnIiwic3RvcmUiOjEwMDAwLCJtIjoxMH0sIjI2Ijp7ImlkIjoyNiwiZ29vZHMiOiJcdTliNDVcdTg0ZGQgTm90ZTYiLCJwcmljZSI6MTI5OS4wLCJudW0iOm51bGwsInBpY25hbWUiOiIxNTA1MzIwNjc1LmpwZyIsInN0b3JlIjoxMDAwMCwibSI6Nn19fQ==','2017-09-28 21:36:32.301878'),('99qkvhivyeolt7u1qjjvbpz2mjn595qn','ZDIxYmQzNWIxZDAzNjlkYmFkMGQ5YjFiOGViYTkxOTY2MWY2ZTgwODp7InNob3BsaXN0Ijp7IjQzIjp7ImlkIjo0MywiZ29vZHMiOiJcdTliNDVcdTY1Y2ZcdTg0ZGRcdTcyNTlcdTVjMGZcdTk3ZjNcdTdiYjEiLCJwcmljZSI6MTY5LjAsIm51bSI6bnVsbCwicGljbmFtZSI6IjE1MDUzMjM0MzYuanBnIiwic3RvcmUiOjIwLCJkZXNjciI6Ilx1NTk3ZFx1OTdmM1x1NjExZiBcdTc2ZjRcdThmYmVcdTVmYzNcdTcwNzUiLCJtIjoxfSwiMyI6eyJpZCI6MywiZ29vZHMiOiJcdTliNDVcdTY1Y2YgTVg2IiwicHJpY2UiOjE1OTkuMCwibnVtIjoxMDAwLCJwaWNuYW1lIjoiMTUwNTI0MTI2MS5qcGciLCJzdG9yZSI6MjAsImRlc2NyIjoiXHU1MTY4XHU5MWQxXHU1YzVlXHU1ZmViXHU1MTQ1XHU2MmNkXHU3MTY3XHU2NWQ3XHU4MjMwICBcdThkMmRcdTY3M2FcdTRlYWI2XHU2NzFmXHU1MTRkXHU2MDZmIiwibSI6MX19fQ==','2017-09-29 10:37:36.196454'),('9yf5j5xltob9exvveblqmcjo9fqcvc13','ZjE0N2I5ZWE5MTgyYTgyM2Y0NGQ1OGJlYjljY2ZmNWQyMzg1NDM4Yjp7InNob3BsaXN0Ijp7IjI2Ijp7ImlkIjoyNiwiZ29vZHMiOiJcdTliNDVcdTg0ZGQgTm90ZTYiLCJwcmljZSI6MTI5OS4wLCJudW0iOjAsInBpY25hbWUiOiIxNTA1MzIwNjc1LmpwZyIsInN0b3JlIjoyMCwiZGVzY3IiOiIxNkcvMzJHXHU2ODA3XHU5MTRkXHU3MjQ4XHU2YmNmXHU1NDY4XHU0ZTAwMTA6MDBcdTk4ODRcdTU1MmUgIFx1NjUyZlx1NjMwMTEyOEdcdTYyNjlcdTVjNTUiLCJtIjoxfX0sIm9yZGVybGlzdCI6eyIzMiI6eyJpZCI6MzIsImdvb2RzIjoiQ0lMSU5FLVx1NmM4MVx1OWU5ZjIuNUxcdTY2N2FcdTgwZmRcdTk3NjBcdThjMzFcdTcxNzIiLCJwcmljZSI6Mjk5LjAsIm51bSI6MCwicGljbmFtZSI6IjE1MDUzMjE4NDYuanBnIiwic3RvcmUiOjEyMjIyLCJkZXNjciI6Ilx1NGUwMFx1OTUyZVx1NjQxZVx1NWI5YVx1OTk2ZFx1ODNkY1x1NmM2NCBcdTkwMDlcdTViODNcdTVmODhcdTk3NjBcdThjMzEgXHU2NTJmXHU2MzAxNlx1NjcxZlx1NTE0ZFx1NjA2ZiIsIm0iOjF9fSwidG90YWwiOjI5OS4wfQ==','2017-10-01 15:28:44.606027'),('b2a6c30h90a8rcs5u6gk9g6niswfwex8','N2RiODg3NjhiYWI2NDE5OWM3MzNjZjZhNWQ1NTE4MDZkNTYzNzA4OTp7InZlcmlmeWNvZGUiOiJYUDMxIn0=','2017-09-28 09:01:23.895353'),('beltju66ksz06g8ig7mxdx58y36szojw','NjFkZmVmNzBkOTA2YWRhYzhmNzk4ZDliZTg5MmFiYzljNWU5YWQ1Yjp7InNob3BsaXN0Ijp7fX0=','2017-09-28 22:46:08.019322'),('bllrbduf4khhzqycrj21ii2en0wwr2ve','M2YxYzlkZTEyODFjNGQxMTY2ZjNhZDIzNDZiZTk1MjcyOWY0NDdlOTp7InZlcmlmeWNvZGUiOiJGT1hMIiwiYWRtaW51c2VyIjoieGlhb2xpMiJ9','2017-09-28 08:38:14.069778'),('c99vcscikusffkc32uoanzzlcx39zf45','YmUwYjU4Nzk2Y2M0MTQ4ZDMwMzg1NDQyYTI3ODdlODc1MmUxNTQ0ZTp7InZlcmlmeWNvZGUiOiJZSFdMIiwic2hvcGxpc3QiOnsiMSI6eyJpZCI6MSwiZ29vZHMiOiJcdTliNDVcdTY1Y2ZQUk8gNyBQbHVzIiwicHJpY2UiOjM1ODAuMCwibnVtIjozMCwicGljbmFtZSI6IjE1MDUyNDEzNzgucG5nIiwic3RvcmUiOjIwLCJkZXNjciI6IjEyXHU2NzFmXHU1MTRkXHU2MDZmIFx1OGQyZFx1NjczYVx1NTM3M1x1NTJhOVx1NTI5Ylx1NTE0ZFx1OGQzOVx1NTM0OFx1OTkxMFx1NTE2Y1x1NzZjYVx1OTg3OVx1NzZlZSIsIm0iOjN9LCI0NCI6eyJpZCI6NDQsImdvb2RzIjoiQmVhdHMgcGlsbCsgXHU4NGRkXHU3MjU5XHU5N2YzXHU1NGNkIiwicHJpY2UiOjE4ODguMCwibnVtIjoxLCJwaWNuYW1lIjoiMTUwNTMyMzQ4MC5qcGciLCJzdG9yZSI6MjAsImRlc2NyIjoiXHU5N2YzXHU0ZTUwXHU4MzZmXHU0ZTM4XHU2NzY1XHU0ZTg2XHVmZjAxIEJlYXRzXHU1MTY1XHU4MmY5XHU2NzljXHU1NDBlXHU3Njg0XHU3YjJjXHU0ZTAwXHU2YjNlXHU5N2YzXHU3YmIxIiwibSI6MX0sIjIiOnsiaWQiOjIsImdvb2RzIjoiXHU5YjQ1XHU2NWNmUFJPIDYgUGx1cyIsInByaWNlIjoyNjk5LjAsIm51bSI6MTYsInBpY25hbWUiOiIxNTA1MjQxMjQyLmpwZyIsInN0b3JlIjoyMCwiZGVzY3IiOiJcdTc2ZjRcdTk2NGQyMDBcdTUxNDNcdWZmMGNcdTRlYzVcdTU1MmUyMjk5XHU1MTQzIFx1NGVhYjZcdTY3MWZcdTUxNGRcdTYwNmYiLCJtIjoyfX0sIm9yZGVybGlzdCI6eyIyIjp7ImlkIjoyLCJnb29kcyI6Ilx1OWI0NVx1NjVjZlBSTyA2IFBsdXMiLCJwcmljZSI6MjY5OS4wLCJudW0iOjE2LCJwaWNuYW1lIjoiMTUwNTI0MTI0Mi5qcGciLCJzdG9yZSI6MjAsImRlc2NyIjoiXHU3NmY0XHU5NjRkMjAwXHU1MTQzXHVmZjBjXHU0ZWM1XHU1NTJlMjI5OVx1NTE0MyBcdTRlYWI2XHU2NzFmXHU1MTRkXHU2MDZmIiwibSI6MX19LCJ0b3RhbCI6MjY5OS4wLCJhZG1pbnVzZXIiOiJhZG1pbiIsIm15d2VidXNlciI6eyJpZCI6MjEsInVzZXJuYW1lIjoicm9uZ2xpdSIsIm5hbWUiOiJcdTViYjlcdTUxNmQiLCJhZGRyZXNzIjoiXHU1MzE3XHU0ZWFjXHU1ZTAyXHU2NjBjXHU1ZTczXHU1MzNhXHU1MzRlXHU5Zjk5XHU4MmQxXHU1MzU3XHU5MWNjMlx1NTNmN1x1Njk3YzFcdTUzNTVcdTUxNDMzMDIiLCJwaG9uZSI6IjEzOTMwMTc1MDE2IiwiY29kZSI6IjExMDExIiwiZW1haWwiOiJyb25nbGl1QHNvaHUuY29tIiwic2hvcGNhcnQiOnt9fX0=','2017-10-02 14:51:11.043864'),('ct1fueanvg545djrou87jkhcxzubz7mo','Y2M3MGMzMGQwZjEyMjk4MThkYmQzNzFmMDliZjI1ZmY3ODRmMTU4MDp7InNob3BsaXN0Ijp7IjIiOnsiaWQiOjIsImdvb2RzIjoiXHU5YjQ1XHU2NWNmUFJPIDYgUGx1cyIsInByaWNlIjoyNjk5LjAsIm51bSI6MTAwLCJwaWNuYW1lIjoiMTUwNTI0MTI0Mi5qcGciLCJzdG9yZSI6MTAwMCwibSI6NH19fQ==','2017-09-28 21:15:40.486067'),('ct6x1b7pj7rd9fsh4zbttj2rgp6vqt8e','OGI0ZTM4ZjIwOTE3ZjBlZDQyZjNlNGY5OGFmMmZkNjc5OGIzNGI2OTp7InNob3BsaXN0Ijp7IjMxIjp7ImlkIjozMSwiZ29vZHMiOiJDSUxJTkUtXHU2YzgxXHU5ZTlmXHU2NjdhXHU4MGZkXHU4YzAzXHU2ZTI5XHU1MTdiXHU3NTFmXHU1OGY2IiwicHJpY2UiOjIyOS4wLCJudW0iOjAsInBpY25hbWUiOiIxNTA1MzIxNzk2LmpwZyIsInN0b3JlIjoxMjIyMiwiZGVzY3IiOiJcdTRmNjBcdTY3NjVcdTU0YzFcdTgzMzZcdTYxYzJcdTgzMzYgXHU1MTdiXHU3NTFmXHU1OGY2XHU0ZjFhXHU1NGMxXHU0ZjYwXHU2MWMyXHU0ZjYwIFx1NjA1Mlx1NWI5YVx1NmMzNFx1NmUyOSBcdTUzZWZcdTk4ODRcdTdlYTYiLCJtIjoyfSwiMzYiOnsiaWQiOjM2LCJnb29kcyI6Ilx1NjZiNFx1OThjZVx1OWI1NFx1OTU1Y1x1NWMwZk1cdTg2NWFcdTYyZGZcdTczYjBcdTViOWVcdTY2N2FcdTgwZmRWUlx1NzczY1x1OTU1YyBcdTU3ZmFcdTc4NDBcdTcyNDgiLCJwcmljZSI6NDkuMCwibnVtIjowLCJwaWNuYW1lIjoiMTUwNTMyMjY4OS5qcGciLCJzdG9yZSI6MTIyMjIsImRlc2NyIjoiSU1BWFx1NWRlOFx1NWM0Zlx1NWY3MVx1OTY2MiAzNjBcdTVlYTZcdTUxNjhcdTVmNzFcdTg5YzZcdTk4OTFcclxuIiwibSI6Mn0sIjM0Ijp7ImlkIjozNCwiZ29vZHMiOiJcdTRlNTBcdTVmYzNcdTYyNGJcdTczYWZNQU1CTyBcdTU5MjdcdTllYTZcdTcyNDgiLCJwcmljZSI6OTkuMCwibnVtIjowLCJwaWNuYW1lIjoiMTUwNTMyMjAyOS5qcGciLCJzdG9yZSI6MTIyMjIyLCJkZXNjciI6Ilx1NWZhZVx1NGZlMVx1NGU5Mlx1ODA1NCBcdTY3NjVcdTc1MzVcdTYzZDBcdTkxOTIgXHU1MzczXHU2NWY2XHU2ZDg4XHU2MDZmIFx1Nzc2MVx1NzcyMFx1NzZkMVx1NmQ0YiBcdTk2MzJcdTZjMzQiLCJtIjoxfX0sInZlcmlmeWNvZGUiOiI2N09FIiwiYWRtaW51c2VyIjp7ImlkIjo0NCwidXNlcm5hbWUiOiJ4aWFvbGkyIiwibmFtZSI6Ilx1ODA5Nlx1OWVjZSIsImFkZHJlc3MiOiJcdTUzMTdcdTRlYWNcdTVlMDJcdTY2MGNcdTVlNzNcdTUzM2FcdTUzNGVcdTlmOTlcdTgyZDFcdTUzNTdcdTkxY2MyXHU1M2Y3XHU2OTdjMVx1NTM1NVx1NTE0MzEwMlxyXG4iLCJwaG9uZSI6IjEzOTMwMTc1MDQ2IiwiY29kZSI6IiJ9LCJvcmRlcmxpc3QiOnsiMzYiOnsiaWQiOjM2LCJnb29kcyI6Ilx1NjZiNFx1OThjZVx1OWI1NFx1OTU1Y1x1NWMwZk1cdTg2NWFcdTYyZGZcdTczYjBcdTViOWVcdTY2N2FcdTgwZmRWUlx1NzczY1x1OTU1YyBcdTU3ZmFcdTc4NDBcdTcyNDgiLCJwcmljZSI6NDkuMCwibnVtIjowLCJwaWNuYW1lIjoiMTUwNTMyMjY4OS5qcGciLCJzdG9yZSI6MTIyMjIsImRlc2NyIjoiSU1BWFx1NWRlOFx1NWM0Zlx1NWY3MVx1OTY2MiAzNjBcdTVlYTZcdTUxNjhcdTVmNzFcdTg5YzZcdTk4OTFcclxuIiwibSI6M30sIjI2Ijp7ImlkIjoyNiwiZ29vZHMiOiJcdTliNDVcdTg0ZGQgTm90ZTYiLCJwcmljZSI6MTI5OS4wLCJudW0iOjAsInBpY25hbWUiOiIxNTA1MzIwNjc1LmpwZyIsInN0b3JlIjoyMCwiZGVzY3IiOiIxNkcvMzJHXHU2ODA3XHU5MTRkXHU3MjQ4XHU2YmNmXHU1NDY4XHU0ZTAwMTA6MDBcdTk4ODRcdTU1MmUgIFx1NjUyZlx1NjMwMTEyOEdcdTYyNjlcdTVjNTUiLCJtIjoxfSwiMzEiOnsiaWQiOjMxLCJnb29kcyI6IkNJTElORS1cdTZjODFcdTllOWZcdTY2N2FcdTgwZmRcdThjMDNcdTZlMjlcdTUxN2JcdTc1MWZcdTU4ZjYiLCJwcmljZSI6MjI5LjAsIm51bSI6MCwicGljbmFtZSI6IjE1MDUzMjE3OTYuanBnIiwic3RvcmUiOjEyMjIyLCJkZXNjciI6Ilx1NGY2MFx1Njc2NVx1NTRjMVx1ODMzNlx1NjFjMlx1ODMzNiBcdTUxN2JcdTc1MWZcdTU4ZjZcdTRmMWFcdTU0YzFcdTRmNjBcdTYxYzJcdTRmNjAgXHU2MDUyXHU1YjlhXHU2YzM0XHU2ZTI5IFx1NTNlZlx1OTg4NFx1N2VhNiIsIm0iOjF9fSwidG90YWwiOjE2NzUuMH0=','2017-09-30 13:52:52.130000'),('cwssysv0z7gfupcl6azaisvzy80sexo9','MjU5YzEyZjdkOWJhNjhhMzRiYmZkYTdkNGYwMjg5ZDNjNmQ0OWI5MDp7InNob3BsaXN0Ijp7fSwidmVyaWZ5Y29kZSI6IjlSQ1UiLCJvcmRlcmxpc3QiOnsiMSI6eyJpZCI6MSwiZ29vZHMiOiJcdTliNDVcdTY1Y2ZQUk8gNyBQbHVzIiwicHJpY2UiOjM1ODAuMCwibnVtIjoyMSwicGljbmFtZSI6IjE1MDUyNDEzNzgucG5nIiwic3RvcmUiOjIyLCJkZXNjciI6IjEyXHU2NzFmXHU1MTRkXHU2MDZmIFx1OGQyZFx1NjczYVx1NTM3M1x1NTJhOVx1NTI5Ylx1NTE0ZFx1OGQzOVx1NTM0OFx1OTkxMFx1NTE2Y1x1NzZjYVx1OTg3OVx1NzZlZSIsIm0iOjN9fSwidG90YWwiOjEwNzQwLjAsImFkbWludXNlciI6ImFkbWluIiwibXl3ZWJ1c2VyIjp7ImlkIjoyMCwidXNlcm5hbWUiOiJsaW5oYW4iLCJuYW1lIjoiXHU2Nzk3XHU1YmQyIiwiYWRkcmVzcyI6Ilx1NTMxN1x1NGVhY1x1NWUwMlx1NjYwY1x1NWU3M1x1NTMzYVx1NTM0ZVx1OWY5OVx1ODJkMVx1NTM1N1x1OTFjYzJcdTUzZjdcdTY5N2MxXHU1MzU1XHU1MTQzMzAxIiwicGhvbmUiOiIxMzkzMDE3NTE0NiIsImNvZGUiOiIxMTAxMSIsImVtYWlsIjoibGluaGFuQHNvaHUuY29tIiwic2hvcGNhcnQiOnt9fX0=','2017-10-02 05:12:15.595857'),('d6pbds4rznx82evkvspfnb7qpw81vwbh','NDM1NWRmZjkyZDI5MjNjZDZlZjFkNjdlZGY1NWFkMjQyMjY5ZGEwNzp7InNob3BsaXN0Ijp7IjQ3Ijp7ImlkIjo0NywiZ29vZHMiOiJcdTliNDVcdTY1Y2ZcdTc5ZmJcdTUyYThcdTc1MzVcdTZlOTBcdWZmMDhcdTY4MDdcdTUxYzZcdTcyNDhcdWZmMDkiLCJwcmljZSI6OTkuMCwibnVtIjpudWxsLCJwaWNuYW1lIjoiMTUwNTMyMzgxMi5qcGciLCJzdG9yZSI6MjAsImRlc2NyIjoiXHU3ZDIwXHU5NmM1XHU3NjdlXHU2NDJkIFx1OTg5Y1x1NTAzY1x1NTE3OFx1ODMwMyIsIm0iOjR9LCI0OCI6eyJpZCI6NDgsImdvb2RzIjoiXHU5YjQ1XHU2NWNmXHU3OWZiXHU1MmE4XHU3NTM1XHU2ZTkwXHVmZjA4XHU1YzBmXHU5ZWM0XHU0ZWJhXHU5NWVhXHU1MTQ1XHU3MjQ4XHVmZjA5IiwicHJpY2UiOjE5OS4wLCJudW0iOm51bGwsInBpY25hbWUiOiIxNTA1MzIzODQxLmpwZyIsInN0b3JlIjoxMjIyMjIsImRlc2NyIjoiXHU4NDBjXHU1YjlkXHU2NWIwXHU1NGMxIFx1NzA2Ylx1NzBlZFx1NjJhMlx1OGQyZCIsIm0iOjR9LCIzIjp7ImlkIjozLCJnb29kcyI6Ilx1OWI0NVx1NjVjZiBNWDYiLCJwcmljZSI6MTU5OS4wLCJudW0iOjEwMDAsInBpY25hbWUiOiIxNTA1MjQxMjYxLmpwZyIsInN0b3JlIjoyMCwiZGVzY3IiOiJcdTUxNjhcdTkxZDFcdTVjNWVcdTVmZWJcdTUxNDVcdTYyY2RcdTcxNjdcdTY1ZDdcdTgyMzAgIFx1OGQyZFx1NjczYVx1NGVhYjZcdTY3MWZcdTUxNGRcdTYwNmYiLCJtIjo1fX19','2017-09-29 06:14:34.863764'),('dz7y0pklnmg2wckpt6db92yfd3tqo7yq','YmJiMzZhM2I5NTJiNzhkZDkyY2E1YjQ3ZTU2ODIxYzE0M2JkMjAzMTp7InNob3BsaXN0Ijp7IjEiOnsiaWQiOjEsImdvb2RzIjoiXHU5YjQ1XHU2NWNmUFJPIDcgUGx1cyIsInByaWNlIjozNTgwLjAsIm51bSI6MTAwMCwicGljbmFtZSI6IjE1MDUyNDEzNzgucG5nIiwic3RvcmUiOjEwMDAwLCJtIjoxfX19','2017-09-28 20:24:23.615385'),('e264ouaa9y0dzyo5rqmezn75z0svesem','MDg0NzA4MDUxOTk0YzcxZDBmZWU1YmYwZDY4ZGRjNTBkMzlmN2M2Yjp7InNob3BsaXN0Ijp7IjI5Ijp7ImlkIjoyOSwiZ29vZHMiOiJcdTRlNTBcdTVmYzNTNVx1NjY3YVx1ODBmZFx1NGY1M1x1ODEwMlx1NzllNCIsInByaWNlIjoxOTkuMCwibnVtIjozLCJwaWNuYW1lIjoiMTUwNTMyMDg3MS5qcGciLCJzdG9yZSI6MjAsImRlc2NyIjoiXHU3MGFiXHU1ZjY5XHU1NDdjXHU1NDM4XHU3MDZmIDRcdTc1MjhcdTYyMzdcdTU0MGNcdTY1ZjZcdThiYzZcdTUyMmIgMjUwXHU1OTI5XHU4ZDg1XHU5NTdmXHU3ZWVkXHU4MjJhIiwibSI6MX0sIjI2Ijp7ImlkIjoyNiwiZ29vZHMiOiJcdTliNDVcdTg0ZGQgTm90ZTYiLCJwcmljZSI6MTI5OS4wLCJudW0iOjIsInBpY25hbWUiOiIxNTA1MzIwNjc1LmpwZyIsInN0b3JlIjoyMCwiZGVzY3IiOiIxNkcvMzJHXHU2ODA3XHU5MTRkXHU3MjQ4XHU2YmNmXHU1NDY4XHU0ZTAwMTA6MDBcdTk4ODRcdTU1MmUgIFx1NjUyZlx1NjMwMTEyOEdcdTYyNjlcdTVjNTUiLCJtIjoxfSwiMzYiOnsiaWQiOjM2LCJnb29kcyI6Ilx1NjZiNFx1OThjZVx1OWI1NFx1OTU1Y1x1NWMwZk1cdTg2NWFcdTYyZGZcdTczYjBcdTViOWVcdTY2N2FcdTgwZmRWUlx1NzczY1x1OTU1YyBcdTU3ZmFcdTc4NDBcdTcyNDgiLCJwcmljZSI6NDkuMCwibnVtIjozLCJwaWNuYW1lIjoiMTUwNTMyMjY4OS5qcGciLCJzdG9yZSI6MTIyMjIsImRlc2NyIjoiSU1BWFx1NWRlOFx1NWM0Zlx1NWY3MVx1OTY2MiAzNjBcdTVlYTZcdTUxNjhcdTVmNzFcdTg5YzZcdTk4OTFcclxuIiwibSI6M319LCJ2ZXJpZnljb2RlIjoiRUVWVSIsImFkbWludXNlciI6eyJpZCI6NDQsInVzZXJuYW1lIjoieGlhb2xpMiIsIm5hbWUiOiJcdTgwOTZcdTllY2UiLCJhZGRyZXNzIjoiXHU1MzE3XHU0ZWFjXHU1ZTAyXHU2NjBjXHU1ZTczXHU1MzNhXHU1MzRlXHU5Zjk5XHU4MmQxXHU1MzU3XHU5MWNjMlx1NTNmN1x1Njk3YzFcdTUzNTVcdTUxNDMxMDJcclxuIiwicGhvbmUiOiIxMzkzMDE3NTA0NiIsImNvZGUiOiIifSwib3JkZXJsaXN0Ijp7IjI5Ijp7ImlkIjoyOSwiZ29vZHMiOiJcdTRlNTBcdTVmYzNTNVx1NjY3YVx1ODBmZFx1NGY1M1x1ODEwMlx1NzllNCIsInByaWNlIjoxOTkuMCwibnVtIjozLCJwaWNuYW1lIjoiMTUwNTMyMDg3MS5qcGciLCJzdG9yZSI6MjAsImRlc2NyIjoiXHU3MGFiXHU1ZjY5XHU1NDdjXHU1NDM4XHU3MDZmIDRcdTc1MjhcdTYyMzdcdTU0MGNcdTY1ZjZcdThiYzZcdTUyMmIgMjUwXHU1OTI5XHU4ZDg1XHU5NTdmXHU3ZWVkXHU4MjJhIiwibSI6MX19LCJ0b3RhbCI6MTk5LjB9','2017-09-30 08:56:47.539609'),('eu2krpkmuvzwkhpgf8xvi0r47eqqfhky','OGI1ZTI0YTI4NzA4ZTgyNzBmYzQzN2UwM2FkNjY0NmUwYmM1NDI3Yzp7InBhdGgiOiIvY2FydCIsInNob3BsaXN0Ijp7fSwidmVyaWZ5Y29kZSI6IlRUVE0iLCJhZG1pbnVzZXIiOnsiaWQiOjEsInVzZXJuYW1lIjoiYWRtaW4iLCJuYW1lIjoiYWRtaW4iLCJhZGRyZXNzIjoiIiwicGhvbmUiOiIxMzkzMDE3NTA1NiIsImNvZGUiOiIxMTExIiwic2hvcGNhcnQiOnt9fX0=','2017-09-30 16:26:53.278724'),('f18jpa5svcm7xnsnppbc13k7m81b7h3o','OTU2ODU3MjMwZDU2MDYwMmZlMDkxMzc5Mjg0YTJlMTY1MjgxNDk1Njp7InBhdGgiOiIvY2FydCIsInNob3BsaXN0Ijp7fSwidmVyaWZ5Y29kZSI6IjdBRzgiLCJhZG1pbnVzZXIiOnsiaWQiOjEsInVzZXJuYW1lIjoiYWRtaW4iLCJuYW1lIjoiYWRtaW4iLCJhZGRyZXNzIjoiIiwicGhvbmUiOiIxMzkzMDE3NTA1NiIsImNvZGUiOiIxMTExIiwic2hvcGNhcnQiOnt9fX0=','2017-09-30 16:23:55.827319'),('f7yksyo2gxa34vf6i8k4mx3z8jsetbdu','YjQ2MzdlMWQyNzdiN2VlNzc3YTM5MjhjZGEzMjk5NGU1NzBlMDM0Zjp7InNob3BsaXN0Ijp7IjM2Ijp7ImlkIjozNiwiZ29vZHMiOiJcdTY2YjRcdTk4Y2VcdTliNTRcdTk1NWNcdTVjMGZNXHU4NjVhXHU2MmRmXHU3M2IwXHU1YjllXHU2NjdhXHU4MGZkVlJcdTc3M2NcdTk1NWMgXHU1N2ZhXHU3ODQwXHU3MjQ4IiwicHJpY2UiOjQ5LjAsIm51bSI6MywicGljbmFtZSI6IjE1MDUzMjI2ODkuanBnIiwic3RvcmUiOjEyMjIyLCJkZXNjciI6IklNQVhcdTVkZThcdTVjNGZcdTVmNzFcdTk2NjIgMzYwXHU1ZWE2XHU1MTY4XHU1ZjcxXHU4OWM2XHU5ODkxXHJcbiIsIm0iOjR9LCIyOSI6eyJpZCI6MjksImdvb2RzIjoiXHU0ZTUwXHU1ZmMzUzVcdTY2N2FcdTgwZmRcdTRmNTNcdTgxMDJcdTc5ZTQiLCJwcmljZSI6MTk5LjAsIm51bSI6MywicGljbmFtZSI6IjE1MDUzMjA4NzEuanBnIiwic3RvcmUiOjIwLCJkZXNjciI6Ilx1NzBhYlx1NWY2OVx1NTQ3Y1x1NTQzOFx1NzA2ZiA0XHU3NTI4XHU2MjM3XHU1NDBjXHU2NWY2XHU4YmM2XHU1MjJiIDI1MFx1NTkyOVx1OGQ4NVx1OTU3Zlx1N2VlZFx1ODIyYSIsIm0iOjZ9LCIyNiI6eyJpZCI6MjYsImdvb2RzIjoiXHU5YjQ1XHU4NGRkIE5vdGU2IiwicHJpY2UiOjEyOTkuMCwibnVtIjoyLCJwaWNuYW1lIjoiMTUwNTMyMDY3NS5qcGciLCJzdG9yZSI6MjAsImRlc2NyIjoiMTZHLzMyR1x1NjgwN1x1OTE0ZFx1NzI0OFx1NmJjZlx1NTQ2OFx1NGUwMDEwOjAwXHU5ODg0XHU1NTJlICBcdTY1MmZcdTYzMDExMjhHXHU2MjY5XHU1YzU1IiwibSI6Mn19LCJvcmRlcmxpc3QiOnsiMjYiOnsiaWQiOjI2LCJnb29kcyI6Ilx1OWI0NVx1ODRkZCBOb3RlNiIsInByaWNlIjoxMjk5LjAsIm51bSI6MiwicGljbmFtZSI6IjE1MDUzMjA2NzUuanBnIiwic3RvcmUiOjIwLCJkZXNjciI6IjE2Ry8zMkdcdTY4MDdcdTkxNGRcdTcyNDhcdTZiY2ZcdTU0NjhcdTRlMDAxMDowMFx1OTg4NFx1NTUyZSAgXHU2NTJmXHU2MzAxMTI4R1x1NjI2OVx1NWM1NSIsIm0iOjJ9fSwidG90YWwiOjI1OTguMCwidmVyaWZ5Y29kZSI6IlJKOFIiLCJhZG1pbnVzZXIiOnsiaWQiOjQ0LCJ1c2VybmFtZSI6InhpYW9saTIiLCJuYW1lIjoiXHU4MDk2XHU5ZWNlIiwiYWRkcmVzcyI6IiIsInBob25lIjoiMTM5MzAxNzUwNDYiLCJjb2RlIjoiIn19','2017-09-30 08:43:21.631755'),('ggc7680yayq84je212vhxip3n3jpmct4','ODgyZjU4NzJmYzdhZmZhNmNkN2M4MmNkMWYxZDQ5ODI4OTJkMTZjMjp7InZlcmlmeWNvZGUiOiI4NUtHIiwiYWRtaW51c2VyIjoiYWRtaW4ifQ==','2017-09-26 23:13:36.310113'),('glqrfudza4ejez117szr0kggfsid3so7','YTI5OWM1MDZmZThiMTkwM2FlMWZjZjNlOTZlMTQ3M2JhNjI2MTM2OTp7InBhdGgiOiIvY2FydCIsInNob3BsaXN0Ijp7fSwidmVyaWZ5Y29kZSI6IkRMVjMiLCJhZG1pbnVzZXIiOnsiaWQiOjEsInVzZXJuYW1lIjoiYWRtaW4iLCJuYW1lIjoiYWRtaW4iLCJhZGRyZXNzIjoiIiwicGhvbmUiOiIxMzkzMDE3NTA1NiIsImNvZGUiOiIxMTExIiwic2hvcGNhcnQiOnt9fX0=','2017-09-30 16:27:29.811849'),('hbwgqg9mccac9z3ye93fnlnwj9wziaan','M2MzMjU4ZmE1OWRkNWZmM2UwMjFlZjUxZGJhYjY5NjIzOTljMjdjMDp7InNob3BsaXN0Ijp7IjIiOnsiaWQiOjIsImdvb2RzIjoiXHU5YjQ1XHU2NWNmUFJPIDYgUGx1cyIsInByaWNlIjoyNjk5LjAsIm51bSI6MTAwLCJwaWNuYW1lIjoiMTUwNTI0MTI0Mi5qcGciLCJzdG9yZSI6MTAwMCwiZGVzY3IiOiJcdTc2ZjRcdTk2NGQyMDBcdTUxNDNcdWZmMGNcdTRlYzVcdTU1MmUyMjk5XHU1MTQzIFx1NGVhYjZcdTY3MWZcdTUxNGRcdTYwNmYiLCJtIjo0fX19','2017-09-29 00:11:30.838385'),('hschstie1wbtvwxr88cnji6daog0hfbe','MDhmYjBlNDhmMzNkYjk3ZjExZTI0YTUwMGUzMjcyOWIzODY2N2VhNzp7InZlcmlmeWNvZGUiOiJIUDJQIn0=','2017-09-28 09:06:14.245317'),('hwkhxykvu2nud59mton1w48uzwn0r1mf','ZDVhZWJiZWEwMjZlZThkOTdjZTAyMGJiNGQzMDRhOTY2Y2JjNzU0Mzp7InNob3BsaXN0Ijp7fSwidmVyaWZ5Y29kZSI6IkxET08iLCJvcmRlcmxpc3QiOnsiMyI6eyJpZCI6MywiZ29vZHMiOiJcdTliNDVcdTY1Y2YgTVg2IiwicHJpY2UiOjE1OTkuMCwibnVtIjowLCJwaWNuYW1lIjoiMTUwNTI0MTI2MS5qcGciLCJzdG9yZSI6MjAsImRlc2NyIjoiXHU1MTY4XHU5MWQxXHU1YzVlXHU1ZmViXHU1MTQ1XHU2MmNkXHU3MTY3XHU2NWQ3XHU4MjMwICBcdThkMmRcdTY3M2FcdTRlYWI2XHU2NzFmXHU1MTRkXHU2MDZmIiwibSI6NH19LCJ0b3RhbCI6NjM5Ni4wLCJhZG1pbnVzZXIiOiJhZG1pbiJ9','2017-09-30 21:29:41.765490'),('i4jvt1qkbu561zaowmd1hffle6gx4afw','YjIwN2M5MzNiNjIwNWIwYThkZTZkMmY2MzQ3MjA2ODZkOTU2ZDM5Mjp7InZlcmlmeWNvZGUiOiJUNDlGIiwicGF0aCI6Ii9jYXJ0Iiwic2hvcGxpc3QiOnt9LCJhZG1pbnVzZXIiOnsiaWQiOjEsInVzZXJuYW1lIjoiYWRtaW4iLCJuYW1lIjoiYWRtaW4iLCJhZGRyZXNzIjoiIiwicGhvbmUiOiIxMzkzMDE3NTA1NiIsImNvZGUiOiIxMTExIiwic2hvcGNhcnQiOnt9fX0=','2017-09-30 16:26:04.852170'),('i6yc41rgwa0aiib7zoojydvpj13u084v','NDFmNjNmZGNkMTA3NzhkMjZiMjU1OTYyYmE1NmNjMzcxNzk4MWFiMDp7fQ==','2017-09-17 07:37:34.371366'),('i9snnmmfunzfr1itatoyt7ag89kx1kos','YTgyYzk1ZDRjMTA4MGQxZjA5NDk2YjIzMzU1NGNmZDUxNzU2NDA2NTp7InNob3BsaXN0Ijp7IjIiOnsiaWQiOjIsImdvb2RzIjoiXHU5YjQ1XHU2NWNmUFJPIDYgUGx1cyIsInByaWNlIjoyNjk5LjAsIm51bSI6MTAwLCJwaWNuYW1lIjoiMTUwNTI0MTI0Mi5qcGciLCJzdG9yZSI6MTAwMCwibSI6MTB9LCIyOCI6eyJpZCI6MjgsImdvb2RzIjoiXHU5YjQ1XHU4NGRkIDVzIiwicHJpY2UiOjk5OS4wLCJudW0iOm51bGwsInBpY25hbWUiOiIxNTA1MzIwNzY0LmpwZyIsInN0b3JlIjoxMjIyMiwiZGVzY3IiOiIzMkdcdTcyNDhcdTk2NTBcdTY1ZjZcdTk4ODZcdTUyMzhcdTdhY2JcdTUxY2Y1MFx1NTE0MyIsIm0iOjR9fSwidmVyaWZ5Y29kZSI6IktYVksiLCJhZG1pbnVzZXIiOnsiaWQiOjQzLCJ1c2VybmFtZSI6InhpYW9saSJ9fQ==','2017-09-29 00:09:52.491494'),('ib3sjp27lninv0zcfbl8dw0m7aiuy21p','YWVlZDU5MjRkNGYzMGI5NmFkY2YyMWY2ODI4N2JhYWRjZmVlMjc5ODp7InNob3BsaXN0Ijp7IjI4Ijp7ImlkIjoyOCwiZ29vZHMiOiJcdTliNDVcdTg0ZGQgNXMiLCJwcmljZSI6OTk5LjAsIm51bSI6bnVsbCwicGljbmFtZSI6IjE1MDUzMjA3NjQuanBnIiwic3RvcmUiOjEyMjIyLCJkZXNjciI6IjMyR1x1NzI0OFx1OTY1MFx1NjVmNlx1OTg4Nlx1NTIzOFx1N2FjYlx1NTFjZjUwXHU1MTQzIiwibSI6MTF9LCI0MyI6eyJpZCI6NDMsImdvb2RzIjoiXHU5YjQ1XHU2NWNmXHU4NGRkXHU3MjU5XHU1YzBmXHU5N2YzXHU3YmIxIiwicHJpY2UiOjE2OS4wLCJudW0iOm51bGwsInBpY25hbWUiOiIxNTA1MzIzNDM2LmpwZyIsInN0b3JlIjoxMjIyMiwiZGVzY3IiOiJcdTU5N2RcdTk3ZjNcdTYxMWYgXHU3NmY0XHU4ZmJlXHU1ZmMzXHU3MDc1IiwibSI6NX0sIjQ4Ijp7ImlkIjo0OCwiZ29vZHMiOiJcdTliNDVcdTY1Y2ZcdTc5ZmJcdTUyYThcdTc1MzVcdTZlOTBcdWZmMDhcdTVjMGZcdTllYzRcdTRlYmFcdTk1ZWFcdTUxNDVcdTcyNDhcdWZmMDkiLCJwcmljZSI6MTk5LjAsIm51bSI6bnVsbCwicGljbmFtZSI6IjE1MDUzMjM4NDEuanBnIiwic3RvcmUiOjEyMjIyMiwiZGVzY3IiOiJcdTg0MGNcdTViOWRcdTY1YjBcdTU0YzEgXHU3MDZiXHU3MGVkXHU2MmEyXHU4ZDJkIiwibSI6NX19fQ==','2017-09-29 00:26:06.246141'),('ja08ex4fhzt77j3v94g4z7u3msfqjs2v','MDAzNDdmMzc2ZjY4M2NjNWNjNjJhZmMzMzlmNzk0ZjkwYmZhOTg0NTp7InNob3BsaXN0Ijp7IjI4Ijp7ImlkIjoyOCwiZ29vZHMiOiJcdTliNDVcdTg0ZGQgNXMiLCJwcmljZSI6OTk5LjAsIm51bSI6bnVsbCwicGljbmFtZSI6IjE1MDUzMjA3NjQuanBnIiwic3RvcmUiOjEyMjIyLCJkZXNjciI6IjMyR1x1NzI0OFx1OTY1MFx1NjVmNlx1OTg4Nlx1NTIzOFx1N2FjYlx1NTFjZjUwXHU1MTQzIiwibSI6NX0sIjQ4Ijp7ImlkIjo0OCwiZ29vZHMiOiJcdTliNDVcdTY1Y2ZcdTc5ZmJcdTUyYThcdTc1MzVcdTZlOTBcdWZmMDhcdTVjMGZcdTllYzRcdTRlYmFcdTk1ZWFcdTUxNDVcdTcyNDhcdWZmMDkiLCJwcmljZSI6MTk5LjAsIm51bSI6bnVsbCwicGljbmFtZSI6IjE1MDUzMjM4NDEuanBnIiwic3RvcmUiOjEyMjIyMiwiZGVzY3IiOiJcdTg0MGNcdTViOWRcdTY1YjBcdTU0YzEgXHU3MDZiXHU3MGVkXHU2MmEyXHU4ZDJkIiwibSI6NX19fQ==','2017-09-29 04:33:01.278597'),('ja4vcl4wsod4ura0eo0l607e5n20id74','YjI3MTNkN2E3NDQ2MDhkYWY5YmYwMjFjYTFmNWVkYTVmZWQ1NmRhMzp7InZlcmlmeWNvZGUiOiI2OFVOIn0=','2017-09-28 12:04:24.762012'),('jcl27qbx5iewda2j6hj00sndr2szi91z','MzQxMGQzZTIxZjY1MTI0MjU1MzhhNTU2ZjVmN2Y2MTUwNjQ2MzE1Yzp7InZlcmlmeWNvZGUiOiIzWEo1Iiwic2hvcGxpc3QiOnsiMzYiOnsiaWQiOjM2LCJnb29kcyI6Ilx1NjZiNFx1OThjZVx1OWI1NFx1OTU1Y1x1NWMwZk1cdTg2NWFcdTYyZGZcdTczYjBcdTViOWVcdTY2N2FcdTgwZmRWUlx1NzczY1x1OTU1YyBcdTU3ZmFcdTc4NDBcdTcyNDgiLCJwcmljZSI6NDkuMCwibnVtIjowLCJwaWNuYW1lIjoiMTUwNTMyMjY4OS5qcGciLCJzdG9yZSI6MTIyMjIsImRlc2NyIjoiSU1BWFx1NWRlOFx1NWM0Zlx1NWY3MVx1OTY2MiAzNjBcdTVlYTZcdTUxNjhcdTVmNzFcdTg5YzZcdTk4OTFcclxuIiwibSI6MX19LCJvcmRlcmxpc3QiOnsiNDAiOnsiaWQiOjQwLCJnb29kcyI6Ilx1OTZmN1x1NjdjZlx1NzBhYlx1NWY2OVx1ODBjY1x1NTE0OVx1NmUzOFx1NjIwZlx1OTUyZVx1NzZkOFY1NiIsInByaWNlIjo5OS4wLCJudW0iOjAsInBpY25hbWUiOiIxNTA1MzIzMTY1LmpwZyIsInN0b3JlIjoyMCwiZGVzY3IiOiJcdTZlMzhcdTYyMGZcdTk1MmVcdTc2ZDggXHU3MGFiXHU1ZjY5XHU4MGNjXHU1MTQ5IFx1OTYzMlx1NmU4NVx1NmQxMlx1OGJiZVx1OGJhMSIsIm0iOjN9fSwidG90YWwiOjI5Ny4wLCJhZG1pbnVzZXIiOnsiaWQiOjQ0LCJ1c2VybmFtZSI6InhpYW9saTIiLCJuYW1lIjoiXHU4MDk2XHU5ZWNlIiwiYWRkcmVzcyI6Ilx1NTMxN1x1NGVhY1x1NWUwMlx1NjYwY1x1NWU3M1x1NTMzYVx1NTM0ZVx1OWY5OVx1ODJkMVx1NTM1N1x1OTFjYzJcdTUzZjdcdTY5N2MxXHU1MzU1XHU1MTQzMTAyXHJcbiIsInBob25lIjoiMTM5MzAxNzUwNDYiLCJjb2RlIjoiMTEwMTEiLCJlbWFpbCI6InhpYW9saTJAc29odS5jb20iLCJzaG9wY2FydCI6e319fQ==','2017-10-01 12:01:08.678192'),('jq9zpazcgp2y6qwn84rxqyj9ealq1o6x','M2NlNTVjOGZjYTdmYWU0ZmE5NjAzM2Q1OWU1MzlkNTc0ZTJjYjc3MDp7InNob3BsaXN0Ijp7IjMxIjp7ImlkIjozMSwiZ29vZHMiOiJDSUxJTkUtXHU2YzgxXHU5ZTlmXHU2NjdhXHU4MGZkXHU4YzAzXHU2ZTI5XHU1MTdiXHU3NTFmXHU1OGY2IiwicHJpY2UiOjIyOS4wLCJudW0iOjAsInBpY25hbWUiOiIxNTA1MzIxNzk2LmpwZyIsInN0b3JlIjoxMjIyMiwiZGVzY3IiOiJcdTRmNjBcdTY3NjVcdTU0YzFcdTgzMzZcdTYxYzJcdTgzMzYgXHU1MTdiXHU3NTFmXHU1OGY2XHU0ZjFhXHU1NGMxXHU0ZjYwXHU2MWMyXHU0ZjYwIFx1NjA1Mlx1NWI5YVx1NmMzNFx1NmUyOSBcdTUzZWZcdTk4ODRcdTdlYTYiLCJtIjoxfX0sInZlcmlmeWNvZGUiOiJER05CIiwicGF0aCI6Ii9jYXJ0Iiwib3JkZXJsaXN0Ijp7IjMxIjp7ImlkIjozMSwiZ29vZHMiOiJDSUxJTkUtXHU2YzgxXHU5ZTlmXHU2NjdhXHU4MGZkXHU4YzAzXHU2ZTI5XHU1MTdiXHU3NTFmXHU1OGY2IiwicHJpY2UiOjIyOS4wLCJudW0iOjAsInBpY25hbWUiOiIxNTA1MzIxNzk2LmpwZyIsInN0b3JlIjoxMjIyMiwiZGVzY3IiOiJcdTRmNjBcdTY3NjVcdTU0YzFcdTgzMzZcdTYxYzJcdTgzMzYgXHU1MTdiXHU3NTFmXHU1OGY2XHU0ZjFhXHU1NGMxXHU0ZjYwXHU2MWMyXHU0ZjYwIFx1NjA1Mlx1NWI5YVx1NmMzNFx1NmUyOSBcdTUzZWZcdTk4ODRcdTdlYTYiLCJtIjoxfX0sInRvdGFsIjoyMjkuMCwiYWRtaW51c2VyIjp7ImlkIjoxLCJ1c2VybmFtZSI6ImFkbWluIiwibmFtZSI6ImFkbWluIiwiYWRkcmVzcyI6IiIsInBob25lIjoiMTM5MzAxNzUwNTYiLCJjb2RlIjoiMTExMSIsInNob3BjYXJ0Ijp7fX19','2017-09-30 16:17:53.091614'),('jqs2q20sw7jfc5uxpkt8zzrlvskq7vm3','MjgzZWQ2YmUwYTdjNDIzZTBlODcxMDVjZjM4ODA2ZDY5MTgwZjczNzp7InZlcmlmeWNvZGUiOiJGMzdNIiwiYWRtaW51c2VyIjoiYWRtaW4ifQ==','2017-09-30 21:42:55.283586'),('k3o67sd19ehxwdbrn9n8ycn9zd5xzd5k','YzY3YWRjYzA2ODcwZWQzN2QxMGI2YjA1MTVjZTM5ZjNhNmVmZDM5NTp7InZlcmlmeWNvZGUiOiJERklXIiwiYWRtaW51c2VyIjoiYWRtaW4iLCJzaG9wbGlzdCI6e30sIm9yZGVybGlzdCI6eyIzNiI6eyJpZCI6MzYsImdvb2RzIjoiXHU2NmI0XHU5OGNlXHU5YjU0XHU5NTVjXHU1YzBmTVx1ODY1YVx1NjJkZlx1NzNiMFx1NWI5ZVx1NjY3YVx1ODBmZFZSXHU3NzNjXHU5NTVjIFx1NTdmYVx1Nzg0MFx1NzI0OCIsInByaWNlIjo0OS4wLCJudW0iOjAsInBpY25hbWUiOiIxNTA1MzIyNjg5LmpwZyIsInN0b3JlIjoxMjIyMiwiZGVzY3IiOiJJTUFYXHU1ZGU4XHU1YzRmXHU1ZjcxXHU5NjYyIDM2MFx1NWVhNlx1NTE2OFx1NWY3MVx1ODljNlx1OTg5MVxyXG4iLCJtIjoyfX0sInRvdGFsIjo5OC4wfQ==','2017-09-30 23:07:08.406932'),('l03tr7auf7l5xlvrch1tmrq0umxqyv9i','MDI2MDJjYmFjZTk0ZjIzNjJmNDkxMWZjM2Y0NTJjZTFhMzI0N2JiNTp7InNob3BsaXN0Ijp7IjI2Ijp7ImlkIjoyNiwiZ29vZHMiOiJcdTliNDVcdTg0ZGQgTm90ZTYiLCJwcmljZSI6MTI5OS4wLCJudW0iOjAsInBpY25hbWUiOiIxNTA1MzIwNjc1LmpwZyIsInN0b3JlIjoyMCwiZGVzY3IiOiIxNkcvMzJHXHU2ODA3XHU5MTRkXHU3MjQ4XHU2YmNmXHU1NDY4XHU0ZTAwMTA6MDBcdTk4ODRcdTU1MmUgIFx1NjUyZlx1NjMwMTEyOEdcdTYyNjlcdTVjNTUiLCJtIjo2fSwiMyI6eyJpZCI6MywiZ29vZHMiOiJcdTliNDVcdTY1Y2YgTVg2IiwicHJpY2UiOjE1OTkuMCwibnVtIjowLCJwaWNuYW1lIjoiMTUwNTI0MTI2MS5qcGciLCJzdG9yZSI6MjAsImRlc2NyIjoiXHU1MTY4XHU5MWQxXHU1YzVlXHU1ZmViXHU1MTQ1XHU2MmNkXHU3MTY3XHU2NWQ3XHU4MjMwICBcdThkMmRcdTY3M2FcdTRlYWI2XHU2NzFmXHU1MTRkXHU2MDZmIiwibSI6MX19LCJ2ZXJpZnljb2RlIjoiNDhNSiIsIm9yZGVybGlzdCI6eyIzNiI6eyJpZCI6MzYsImdvb2RzIjoiXHU2NmI0XHU5OGNlXHU5YjU0XHU5NTVjXHU1YzBmTVx1ODY1YVx1NjJkZlx1NzNiMFx1NWI5ZVx1NjY3YVx1ODBmZFZSXHU3NzNjXHU5NTVjIFx1NTdmYVx1Nzg0MFx1NzI0OCIsInByaWNlIjo0OS4wLCJudW0iOjAsInBpY25hbWUiOiIxNTA1MzIyNjg5LmpwZyIsInN0b3JlIjoxMjIyMiwiZGVzY3IiOiJJTUFYXHU1ZGU4XHU1YzRmXHU1ZjcxXHU5NjYyIDM2MFx1NWVhNlx1NTE2OFx1NWY3MVx1ODljNlx1OTg5MVxyXG4iLCJtIjoxfX0sInRvdGFsIjo0OS4wLCJhZG1pbnVzZXIiOnsiaWQiOjQ0LCJ1c2VybmFtZSI6InhpYW9saTIiLCJuYW1lIjoiXHU4MDk2XHU5ZWNlIiwiYWRkcmVzcyI6Ilx1NTMxN1x1NGVhY1x1NWUwMlx1NjYwY1x1NWU3M1x1NTMzYVx1NTM0ZVx1OWY5OVx1ODJkMVx1NTM1N1x1OTFjYzJcdTUzZjdcdTY5N2MxXHU1MzU1XHU1MTQzMTAyXHJcbiIsInBob25lIjoiMTM5MzAxNzUwNDYiLCJjb2RlIjoiIiwic2hvcGNhcnQiOnt9fX0=','2017-09-30 17:12:25.279914'),('l2943a7kfkgii9opyiti7oiki1y7ohww','ZjM4YjkyYTdiOTY2YzNkMGViZTU0MDc2M2M3MTBkM2NiYzY1NzQwYjp7InZlcmlmeWNvZGUiOiJPV1IzIiwic2hvcGxpc3QiOnsiMyI6eyJpZCI6MywiZ29vZHMiOiJcdTliNDVcdTY1Y2YgTVg2IiwicHJpY2UiOjE1OTkuMCwibnVtIjoxMDAwLCJwaWNuYW1lIjoiMTUwNTI0MTI2MS5qcGciLCJzdG9yZSI6MTAwMDAsImRlc2NyIjoiXHU1MTY4XHU5MWQxXHU1YzVlXHU1ZmViXHU1MTQ1XHU2MmNkXHU3MTY3XHU2NWQ3XHU4MjMwICBcdThkMmRcdTY3M2FcdTRlYWI2XHU2NzFmXHU1MTRkXHU2MDZmIiwibSI6Nn19LCJteXdlYnVzZXIiOnsiaWQiOjE5LCJ1c2VybmFtZSI6InlleGl1dHVvIiwibmFtZSI6Ilx1NTNmNlx1NGZlZVx1NjJkMyIsImFkZHJlc3MiOiJcdTUzMTdcdTRlYWNcdTVlMDJcdTY2MGNcdTVlNzNcdTUzM2FcdTUzNGVcdTlmOTlcdTgyZDFcdTUzNTdcdTkxY2MyXHU1M2Y3XHU2OTdjMVx1NTM1NVx1NTE0MzIwNCIsInBob25lIjoiMTM5MzAxNzEwNDYiLCJjb2RlIjoiMTEwMTEiLCJlbWFpbCI6InlleGl1QHNvaHUuY29tIiwic2hvcGNhcnQiOnt9fSwib3JkZXJsaXN0Ijp7IjQzIjp7ImlkIjo0MywiZ29vZHMiOiJcdTliNDVcdTY1Y2ZcdTg0ZGRcdTcyNTlcdTVjMGZcdTk3ZjNcdTdiYjEiLCJwcmljZSI6MTY5LjAsIm51bSI6MCwicGljbmFtZSI6IjE1MDUzMjM0MzYuanBnIiwic3RvcmUiOjIwLCJkZXNjciI6Ilx1NTk3ZFx1OTdmM1x1NjExZiBcdTc2ZjRcdThmYmVcdTVmYzNcdTcwNzUiLCJtIjoyfX0sInRvdGFsIjozMzguMH0=','2017-10-01 22:56:49.295516'),('m20gceq35t8k8smy7obs43gsk3eapp6x','NjFkZmVmNzBkOTA2YWRhYzhmNzk4ZDliZTg5MmFiYzljNWU5YWQ1Yjp7InNob3BsaXN0Ijp7fX0=','2017-09-29 00:20:49.194497'),('miabcgl3i0qcqrvi9acskwqlcef4mtx3','MmM4NzUzNGY5OTFlZjEwMWM0ZTE4NzMwYTc5ZjgwNTRhYWZmYzgxNzp7InNob3BsaXN0Ijp7IjEiOnsiaWQiOjEsImdvb2RzIjoiXHU5YjQ1XHU2NWNmUFJPIDcgUGx1cyIsInByaWNlIjozNTgwLjAsIm51bSI6MTAwMCwicGljbmFtZSI6IjE1MDUyNDEzNzgucG5nIiwic3RvcmUiOjEwMDAwLCJtIjoxMX0sIjIiOnsiaWQiOjIsImdvb2RzIjoiXHU5YjQ1XHU2NWNmUFJPIDYgUGx1cyIsInByaWNlIjoyNjk5LjAsIm51bSI6MTAwLCJwaWNuYW1lIjoiMTUwNTI0MTI0Mi5qcGciLCJzdG9yZSI6MTAwMCwibSI6MX0sIjI2Ijp7ImlkIjoyNiwiZ29vZHMiOiJcdTliNDVcdTg0ZGQgTm90ZTYiLCJwcmljZSI6MTI5OS4wLCJudW0iOm51bGwsInBpY25hbWUiOiIxNTA1MzIwNjc1LmpwZyIsInN0b3JlIjoxMDAwMCwibSI6NX19fQ==','2017-09-28 20:36:03.864654'),('nzqbkm76ajqbcu1n552abmyn1a6udz46','YmJiMzZhM2I5NTJiNzhkZDkyY2E1YjQ3ZTU2ODIxYzE0M2JkMjAzMTp7InNob3BsaXN0Ijp7IjEiOnsiaWQiOjEsImdvb2RzIjoiXHU5YjQ1XHU2NWNmUFJPIDcgUGx1cyIsInByaWNlIjozNTgwLjAsIm51bSI6MTAwMCwicGljbmFtZSI6IjE1MDUyNDEzNzgucG5nIiwic3RvcmUiOjEwMDAwLCJtIjoxfX19','2017-09-28 19:55:04.492069'),('o1y6dm2s0kv3bgpxdlnyls6yyvwnt7oi','MjRmNzYzMmI1ODEyZGI1Y2MyYTE2MjM1OTEzMmFkYmZjN2Q3ZGFkYTp7InNob3BsaXN0Ijp7IjM2Ijp7ImlkIjozNiwiZ29vZHMiOiJcdTY2YjRcdTk4Y2VcdTliNTRcdTk1NWNcdTVjMGZNXHU4NjVhXHU2MmRmXHU3M2IwXHU1YjllXHU2NjdhXHU4MGZkVlJcdTc3M2NcdTk1NWMgXHU1N2ZhXHU3ODQwXHU3MjQ4IiwicHJpY2UiOjQ5LjAsIm51bSI6MywicGljbmFtZSI6IjE1MDUzMjI2ODkuanBnIiwic3RvcmUiOjEyMjIyLCJkZXNjciI6IklNQVhcdTVkZThcdTVjNGZcdTVmNzFcdTk2NjIgMzYwXHU1ZWE2XHU1MTY4XHU1ZjcxXHU4OWM2XHU5ODkxXHJcbiIsIm0iOjJ9LCIzMSI6eyJpZCI6MzEsImdvb2RzIjoiQ0lMSU5FLVx1NmM4MVx1OWU5Zlx1NjY3YVx1ODBmZFx1OGMwM1x1NmUyOVx1NTE3Ylx1NzUxZlx1NThmNiIsInByaWNlIjoyMjkuMCwibnVtIjozLCJwaWNuYW1lIjoiMTUwNTMyMTc5Ni5qcGciLCJzdG9yZSI6MTIyMjIsImRlc2NyIjoiXHU0ZjYwXHU2NzY1XHU1NGMxXHU4MzM2XHU2MWMyXHU4MzM2IFx1NTE3Ylx1NzUxZlx1NThmNlx1NGYxYVx1NTRjMVx1NGY2MFx1NjFjMlx1NGY2MCBcdTYwNTJcdTViOWFcdTZjMzRcdTZlMjkgXHU1M2VmXHU5ODg0XHU3ZWE2IiwibSI6Mn19LCJvcmRlcmxpc3QiOnsiMzYiOnsiaWQiOjM2LCJnb29kcyI6Ilx1NjZiNFx1OThjZVx1OWI1NFx1OTU1Y1x1NWMwZk1cdTg2NWFcdTYyZGZcdTczYjBcdTViOWVcdTY2N2FcdTgwZmRWUlx1NzczY1x1OTU1YyBcdTU3ZmFcdTc4NDBcdTcyNDgiLCJwcmljZSI6NDkuMCwibnVtIjozLCJwaWNuYW1lIjoiMTUwNTMyMjY4OS5qcGciLCJzdG9yZSI6MTIyMjIsImRlc2NyIjoiSU1BWFx1NWRlOFx1NWM0Zlx1NWY3MVx1OTY2MiAzNjBcdTVlYTZcdTUxNjhcdTVmNzFcdTg5YzZcdTk4OTFcclxuIiwibSI6Mn0sIjMxIjp7ImlkIjozMSwiZ29vZHMiOiJDSUxJTkUtXHU2YzgxXHU5ZTlmXHU2NjdhXHU4MGZkXHU4YzAzXHU2ZTI5XHU1MTdiXHU3NTFmXHU1OGY2IiwicHJpY2UiOjIyOS4wLCJudW0iOjMsInBpY25hbWUiOiIxNTA1MzIxNzk2LmpwZyIsInN0b3JlIjoxMjIyMiwiZGVzY3IiOiJcdTRmNjBcdTY3NjVcdTU0YzFcdTgzMzZcdTYxYzJcdTgzMzYgXHU1MTdiXHU3NTFmXHU1OGY2XHU0ZjFhXHU1NGMxXHU0ZjYwXHU2MWMyXHU0ZjYwIFx1NjA1Mlx1NWI5YVx1NmMzNFx1NmUyOSBcdTUzZWZcdTk4ODRcdTdlYTYiLCJtIjoyfX0sInRvdGFsIjo1NTYuMCwidmVyaWZ5Y29kZSI6IkFVV0siLCJhZG1pbnVzZXIiOnsiaWQiOjQ0LCJ1c2VybmFtZSI6InhpYW9saTIiLCJuYW1lIjoiXHU4MDk2XHU5ZWNlIiwiYWRkcmVzcyI6Ilx1NTMxN1x1NGVhY1x1NWUwMlx1NjYwY1x1NWU3M1x1NTMzYVx1NTM0ZVx1OWY5OVx1ODJkMVx1NTM1N1x1OTFjYzJcdTUzZjdcdTY5N2MxXHU1MzU1XHU1MTQzMTAyXHJcbiIsInBob25lIjoiMTM5MzAxNzUwNDYiLCJjb2RlIjoiIn19','2017-09-30 09:30:01.214762'),('pbkup47uc2ilanrz1tlzl4v15577sdri','ZDliOGQ2NWI4ODc5NTA0MDI5YzBiMjNmZjhkOWY2ZjVmMjNiMTA5ZTp7InZlcmlmeWNvZGUiOiIyMUo5IiwiYWRtaW51c2VyIjoiYWRtaW4ifQ==','2017-09-30 23:19:17.883083'),('pqukj2y4cexg1cf4dqqn0vwqwn26sigi','ZGQwZjdlN2I0NTMxOGVlYTYxODBkNjkwMzM5MGYwYTQ5YTdmMWZiNjp7InNob3BsaXN0Ijp7IjM0Ijp7ImlkIjozNCwiZ29vZHMiOiJcdTRlNTBcdTVmYzNcdTYyNGJcdTczYWZNQU1CTyBcdTU5MjdcdTllYTZcdTcyNDgiLCJwcmljZSI6OTkuMCwibnVtIjowLCJwaWNuYW1lIjoiMTUwNTMyMjAyOS5qcGciLCJzdG9yZSI6MTIyMjIyLCJkZXNjciI6Ilx1NWZhZVx1NGZlMVx1NGU5Mlx1ODA1NCBcdTY3NjVcdTc1MzVcdTYzZDBcdTkxOTIgXHU1MzczXHU2NWY2XHU2ZDg4XHU2MDZmIFx1Nzc2MVx1NzcyMFx1NzZkMVx1NmQ0YiBcdTk2MzJcdTZjMzQiLCJtIjoxfX0sInZlcmlmeWNvZGUiOiJUNDI5In0=','2017-10-01 09:16:22.024001'),('puq29bf6ojz85sp7of0gcy5qtujsxab2','NDljYTZkMjRhZmM2NjBiZTEyMmM1YTE0MDQyNjczMDcyOTk2NWVlMzp7InNob3BsaXN0Ijp7IjQzIjp7ImlkIjo0MywiZ29vZHMiOiJcdTliNDVcdTY1Y2ZcdTg0ZGRcdTcyNTlcdTVjMGZcdTk3ZjNcdTdiYjEiLCJwcmljZSI6MTY5LjAsIm51bSI6bnVsbCwicGljbmFtZSI6IjE1MDUzMjM0MzYuanBnIiwic3RvcmUiOjIwLCJkZXNjciI6Ilx1NTk3ZFx1OTdmM1x1NjExZiBcdTc2ZjRcdThmYmVcdTVmYzNcdTcwNzUiLCJtIjoxfSwiMjgiOnsiaWQiOjI4LCJnb29kcyI6Ilx1OWI0NVx1ODRkZCA1cyIsInByaWNlIjo5OTkuMCwibnVtIjpudWxsLCJwaWNuYW1lIjoiMTUwNTMyMDc2NC5qcGciLCJzdG9yZSI6MjAsImRlc2NyIjoiMzJHXHU3MjQ4XHU5NjUwXHU2NWY2XHU5ODg2XHU1MjM4XHU3YWNiXHU1MWNmNTBcdTUxNDMiLCJtIjo0fSwiNDEiOnsiaWQiOjQxLCJnb29kcyI6Ilx1OWI0NVx1ODRkZEVQNTJcdTg0ZGRcdTcyNTlcdTgwMzNcdTY3M2EiLCJwcmljZSI6Mjk5LjAsIm51bSI6bnVsbCwicGljbmFtZSI6IjE1MDUzMjMzMTUuanBnIiwic3RvcmUiOjEyMjIyLCJkZXNjciI6Ilx1NjViMFx1NTRjMVx1NTIzMFx1OGQyNyBcdTk2NTBcdTkxY2ZcdTYyYTJcdThkMmQiLCJtIjo1fX0sInZlcmlmeWNvZGUiOiJCNDZXIiwiYWRtaW51c2VyIjp7ImlkIjo0NCwidXNlcm5hbWUiOiJ4aWFvbGkyIiwibmFtZSI6Ilx1ODA5Nlx1OWVjZSIsImFkZHJlc3MiOiJcdTUzMTdcdTRlYWNcdTVlMDJcdTY2MGNcdTVlNzNcdTUzM2FcdTUzNGVcdTlmOTlcdTgyZDFcdTUzNTdcdTkxY2MyXHU1M2Y3XHU2OTdjMVx1NTM1NVx1NTE0MzEwMlxyXG4iLCJwaG9uZSI6IjEzOTMwMTc1MDQ2IiwiY29kZSI6IiIsInNob3BjYXJ0Ijp7fX0sIm9yZGVybGlzdCI6eyI0MyI6eyJpZCI6NDMsImdvb2RzIjoiXHU5YjQ1XHU2NWNmXHU4NGRkXHU3MjU5XHU1YzBmXHU5N2YzXHU3YmIxIiwicHJpY2UiOjE2OS4wLCJudW0iOm51bGwsInBpY25hbWUiOiIxNTA1MzIzNDM2LmpwZyIsInN0b3JlIjoyMCwiZGVzY3IiOiJcdTU5N2RcdTk3ZjNcdTYxMWYgXHU3NmY0XHU4ZmJlXHU1ZmMzXHU3MDc1IiwibSI6MX0sIjI4Ijp7ImlkIjoyOCwiZ29vZHMiOiJcdTliNDVcdTg0ZGQgNXMiLCJwcmljZSI6OTk5LjAsIm51bSI6bnVsbCwicGljbmFtZSI6IjE1MDUzMjA3NjQuanBnIiwic3RvcmUiOjIwLCJkZXNjciI6IjMyR1x1NzI0OFx1OTY1MFx1NjVmNlx1OTg4Nlx1NTIzOFx1N2FjYlx1NTFjZjUwXHU1MTQzIiwibSI6NH19LCJ0b3RhbCI6NDE2NS4wfQ==','2017-09-30 15:45:16.042419'),('q0jblrm8gq9xxr7zbbslly0kvukgzg1p','ZDgzZGFmODI1YjZmNzlhYjAyZTY1ODg3OGY5MTkzOTZlYjRjMjIwNzp7InNob3BsaXN0Ijp7IjMxIjp7ImlkIjozMSwiZ29vZHMiOiJDSUxJTkUtXHU2YzgxXHU5ZTlmXHU2NjdhXHU4MGZkXHU4YzAzXHU2ZTI5XHU1MTdiXHU3NTFmXHU1OGY2IiwicHJpY2UiOjIyOS4wLCJudW0iOjAsInBpY25hbWUiOiIxNTA1MzIxNzk2LmpwZyIsInN0b3JlIjoxMjIyMiwiZGVzY3IiOiJcdTRmNjBcdTY3NjVcdTU0YzFcdTgzMzZcdTYxYzJcdTgzMzYgXHU1MTdiXHU3NTFmXHU1OGY2XHU0ZjFhXHU1NGMxXHU0ZjYwXHU2MWMyXHU0ZjYwIFx1NjA1Mlx1NWI5YVx1NmMzNFx1NmUyOSBcdTUzZWZcdTk4ODRcdTdlYTYiLCJtIjozfSwiMjYiOnsiaWQiOjI2LCJnb29kcyI6Ilx1OWI0NVx1ODRkZCBOb3RlNiIsInByaWNlIjoxMjk5LjAsIm51bSI6MCwicGljbmFtZSI6IjE1MDUzMjA2NzUuanBnIiwic3RvcmUiOjIwLCJkZXNjciI6IjE2Ry8zMkdcdTY4MDdcdTkxNGRcdTcyNDhcdTZiY2ZcdTU0NjhcdTRlMDAxMDowMFx1OTg4NFx1NTUyZSAgXHU2NTJmXHU2MzAxMTI4R1x1NjI2OVx1NWM1NSIsIm0iOjR9fSwib3JkZXJsaXN0Ijp7IjMxIjp7ImlkIjozMSwiZ29vZHMiOiJDSUxJTkUtXHU2YzgxXHU5ZTlmXHU2NjdhXHU4MGZkXHU4YzAzXHU2ZTI5XHU1MTdiXHU3NTFmXHU1OGY2IiwicHJpY2UiOjIyOS4wLCJudW0iOjAsInBpY25hbWUiOiIxNTA1MzIxNzk2LmpwZyIsInN0b3JlIjoxMjIyMiwiZGVzY3IiOiJcdTRmNjBcdTY3NjVcdTU0YzFcdTgzMzZcdTYxYzJcdTgzMzYgXHU1MTdiXHU3NTFmXHU1OGY2XHU0ZjFhXHU1NGMxXHU0ZjYwXHU2MWMyXHU0ZjYwIFx1NjA1Mlx1NWI5YVx1NmMzNFx1NmUyOSBcdTUzZWZcdTk4ODRcdTdlYTYiLCJtIjozfX0sInRvdGFsIjo2ODcuMCwidmVyaWZ5Y29kZSI6IlozOEIiLCJhZG1pbnVzZXIiOnsiaWQiOjQ0LCJ1c2VybmFtZSI6InhpYW9saTIiLCJuYW1lIjoiXHU4MDk2XHU5ZWNlIiwiYWRkcmVzcyI6Ilx1NTMxN1x1NGVhY1x1NWUwMlx1NjYwY1x1NWU3M1x1NTMzYVx1NTM0ZVx1OWY5OVx1ODJkMVx1NTM1N1x1OTFjYzJcdTUzZjdcdTY5N2MxXHU1MzU1XHU1MTQzMTAyXHJcbiIsInBob25lIjoiMTM5MzAxNzUwNDYiLCJjb2RlIjoiIn19','2017-09-30 14:57:32.563462'),('qaecllyrvj9omvrn1edt7ue2twgf2jz0','NGVjNzA4OWQ3NjllNDA3ZWYxOWY0MDVmNmQxYTc2MWQ1Mzc2MDg5Zjp7InNob3BsaXN0Ijp7IjMiOnsiaWQiOjMsImdvb2RzIjoiXHU5YjQ1XHU2NWNmIE1YNiIsInByaWNlIjoxNTk5LjAsIm51bSI6MTAwMCwicGljbmFtZSI6IjE1MDUyNDEyNjEuanBnIiwic3RvcmUiOjEwMDAwLCJkZXNjciI6Ilx1NTE2OFx1OTFkMVx1NWM1ZVx1NWZlYlx1NTE0NVx1NjJjZFx1NzE2N1x1NjVkN1x1ODIzMCAgXHU4ZDJkXHU2NzNhXHU0ZWFiNlx1NjcxZlx1NTE0ZFx1NjA2ZiIsIm0iOjZ9LCI0MyI6eyJpZCI6NDMsImdvb2RzIjoiXHU5YjQ1XHU2NWNmXHU4NGRkXHU3MjU5XHU1YzBmXHU5N2YzXHU3YmIxIiwicHJpY2UiOjE2OS4wLCJudW0iOm51bGwsInBpY25hbWUiOiIxNTA1MzIzNDM2LmpwZyIsInN0b3JlIjoxMjIyMiwiZGVzY3IiOiJcdTU5N2RcdTk3ZjNcdTYxMWYgXHU3NmY0XHU4ZmJlXHU1ZmMzXHU3MDc1IiwibSI6Nn0sIjU1Ijp7ImlkIjo1NSwiZ29vZHMiOiJCZWF0cyBFUCBcdTY3MDlcdTdlYmZcdTU5MzRcdTYyMzRcdTVmMGZcdTgwMzNcdTY3M2EiLCJwcmljZSI6Nzg4LjAsIm51bSI6bnVsbCwicGljbmFtZSI6IjE1MDU1MTM1NzMuanBnIiwic3RvcmUiOjEyLCJkZXNjciI6IkJlYXRzIEVQIFx1NjcwOVx1N2ViZlx1NTkzNFx1NjIzNFx1NWYwZlx1ODAzM1x1NjczYSIsIm0iOjF9fSwidmVyaWZ5Y29kZSI6IjA2VlIiLCJhZG1pbnVzZXIiOiJhZG1pbiJ9','2017-09-29 22:22:36.530719'),('s0ilsvnb5k0hr9dxa62l4trbsqtpum1c','MmUwNzVlOWQ4MGUxZmM5YjAwZTBlYmM4NDBmNDljMzAzOGQwZTQ4Nzp7InNob3BsaXN0Ijp7IjM2Ijp7ImlkIjozNiwiZ29vZHMiOiJcdTY2YjRcdTk4Y2VcdTliNTRcdTk1NWNcdTVjMGZNXHU4NjVhXHU2MmRmXHU3M2IwXHU1YjllXHU2NjdhXHU4MGZkVlJcdTc3M2NcdTk1NWMgXHU1N2ZhXHU3ODQwXHU3MjQ4IiwicHJpY2UiOjQ5LjAsIm51bSI6MCwicGljbmFtZSI6IjE1MDUzMjI2ODkuanBnIiwic3RvcmUiOjEyMjIyLCJkZXNjciI6IklNQVhcdTVkZThcdTVjNGZcdTVmNzFcdTk2NjIgMzYwXHU1ZWE2XHU1MTY4XHU1ZjcxXHU4OWM2XHU5ODkxXHJcbiIsIm0iOjN9fX0=','2017-10-01 15:34:07.597941'),('t0qunlymf5tqw7685mjqnzibbwwh7fr8','OTI4NGYzOWRjNDMyODhlYWVhNWRjZTYxYmYzYjUyMGM5YzQ2NjhmYzp7InNob3BsaXN0Ijp7IjMyIjp7ImlkIjozMiwiZ29vZHMiOiJDSUxJTkUtXHU2YzgxXHU5ZTlmMi41TFx1NjY3YVx1ODBmZFx1OTc2MFx1OGMzMVx1NzE3MiIsInByaWNlIjoyOTkuMCwibnVtIjozLCJwaWNuYW1lIjoiMTUwNTMyMTg0Ni5qcGciLCJzdG9yZSI6MTIyMjIsImRlc2NyIjoiXHU0ZTAwXHU5NTJlXHU2NDFlXHU1YjlhXHU5OTZkXHU4M2RjXHU2YzY0IFx1OTAwOVx1NWI4M1x1NWY4OFx1OTc2MFx1OGMzMSBcdTY1MmZcdTYzMDE2XHU2NzFmXHU1MTRkXHU2MDZmIiwibSI6M30sIjMiOnsiaWQiOjMsImdvb2RzIjoiXHU5YjQ1XHU2NWNmIE1YNiIsInByaWNlIjoxNTk5LjAsIm51bSI6MywicGljbmFtZSI6IjE1MDUyNDEyNjEuanBnIiwic3RvcmUiOjIwLCJkZXNjciI6Ilx1NTE2OFx1OTFkMVx1NWM1ZVx1NWZlYlx1NTE0NVx1NjJjZFx1NzE2N1x1NjVkN1x1ODIzMCAgXHU4ZDJkXHU2NzNhXHU0ZWFiNlx1NjcxZlx1NTE0ZFx1NjA2ZiIsIm0iOjN9fSwib3JkZXJsaXN0Ijp7IjMyIjp7ImlkIjozMiwiZ29vZHMiOiJDSUxJTkUtXHU2YzgxXHU5ZTlmMi41TFx1NjY3YVx1ODBmZFx1OTc2MFx1OGMzMVx1NzE3MiIsInByaWNlIjoyOTkuMCwibnVtIjozLCJwaWNuYW1lIjoiMTUwNTMyMTg0Ni5qcGciLCJzdG9yZSI6MTIyMjIsImRlc2NyIjoiXHU0ZTAwXHU5NTJlXHU2NDFlXHU1YjlhXHU5OTZkXHU4M2RjXHU2YzY0IFx1OTAwOVx1NWI4M1x1NWY4OFx1OTc2MFx1OGMzMSBcdTY1MmZcdTYzMDE2XHU2NzFmXHU1MTRkXHU2MDZmIiwibSI6M30sIjMiOnsiaWQiOjMsImdvb2RzIjoiXHU5YjQ1XHU2NWNmIE1YNiIsInByaWNlIjoxNTk5LjAsIm51bSI6MywicGljbmFtZSI6IjE1MDUyNDEyNjEuanBnIiwic3RvcmUiOjIwLCJkZXNjciI6Ilx1NTE2OFx1OTFkMVx1NWM1ZVx1NWZlYlx1NTE0NVx1NjJjZFx1NzE2N1x1NjVkN1x1ODIzMCAgXHU4ZDJkXHU2NzNhXHU0ZWFiNlx1NjcxZlx1NTE0ZFx1NjA2ZiIsIm0iOjN9fSwidG90YWwiOjU2OTQuMH0=','2017-09-30 04:56:37.580567'),('tip6sp0tpu2ceuvb72skv8utrkrm3bh8','NjBkMWFhY2NiNjBjMGY4MDYyNzU4ZmIxZjBiMmIwZjBmNzljMGJkNDp7InZlcmlmeWNvZGUiOiJSUFZGIiwiYWRtaW51c2VyIjp7ImlkIjoxLCJ1c2VybmFtZSI6ImFkbWluIn0sInNob3BsaXN0Ijp7IjEiOnsiaWQiOjEsImdvb2RzIjoiXHU5YjQ1XHU2NWNmUFJPIDcgUGx1cyIsInByaWNlIjozNTgwLjAsIm51bSI6MTAwMCwicGljbmFtZSI6IjE1MDUyNDEzNzgucG5nIiwic3RvcmUiOjEwMDAwLCJtIjozMX0sIjIiOnsiaWQiOjIsImdvb2RzIjoiXHU5YjQ1XHU2NWNmUFJPIDYgUGx1cyIsInByaWNlIjoyNjk5LjAsIm51bSI6MTAwLCJwaWNuYW1lIjoiMTUwNTI0MTI0Mi5qcGciLCJzdG9yZSI6MTAwMCwibSI6MX19fQ==','2017-09-28 19:25:22.309088'),('urcwyhf0jzxuoenwig92k6v7jw72rskh','ODYzZjU4OGY2NGVhNGM5ZWM2ZjY1NzAzNTNkOWQyYmY4NDAzNDIxZjp7InZlcmlmeWNvZGUiOiJVVFBWIiwiYWRtaW51c2VyIjp7ImlkIjo0NiwidXNlcm5hbWUiOiJ4aWFvbGk0IiwibmFtZSI6Ilx1NWMwZlx1NzliYiIsImFkZHJlc3MiOiJcdTUzMTdcdTRlYWNcdTVlMDJcdTY2MGNcdTVlNzNcdTUzM2FcdTUzNGVcdTlmOTlcdTgyZDFcdTUzNTdcdTkxY2MyXHU1M2Y3XHU2OTdjMVx1NTM1NVx1NTE0MzIwMyIsInBob25lIjoiMTM5MzAxNzUwNDYiLCJjb2RlIjoiMTEwMTEiLCJzaG9wY2FydCI6e319fQ==','2017-10-01 07:21:31.463560'),('vlrlczr9ype809862mixj1m901ozc77z','MzA2ODI4YWQwNjgxODVjYjFlYThmMmUwYTg4NjYyYWI0MTMwNmI4MTp7InNob3BsaXN0Ijp7IjEiOnsiaWQiOjEsImdvb2RzIjoiXHU5YjQ1XHU2NWNmUFJPIDcgUGx1cyIsInByaWNlIjozNTgwLjAsIm51bSI6MTAwMCwicGljbmFtZSI6IjE1MDUyNDEzNzgucG5nIiwic3RvcmUiOjEwMDAwLCJtIjoxMH19fQ==','2017-09-28 20:19:21.786489'),('waiixh1by9gcvxomtshf1tnnkgjtlf34','MjlkM2EwN2I2YmI2ZmY1ZDAzMDE0YTI5MWNlNzg4YjdlZTcxYzllYjp7InNob3BsaXN0Ijp7IjMiOnsiaWQiOjMsImdvb2RzIjoiXHU5YjQ1XHU2NWNmIE1YNiIsInByaWNlIjoxNTk5LjAsIm51bSI6MTAwMCwicGljbmFtZSI6IjE1MDUyNDEyNjEuanBnIiwic3RvcmUiOjEwMDAwLCJkZXNjciI6Ilx1NTE2OFx1OTFkMVx1NWM1ZVx1NWZlYlx1NTE0NVx1NjJjZFx1NzE2N1x1NjVkN1x1ODIzMCAgXHU4ZDJkXHU2NzNhXHU0ZWFiNlx1NjcxZlx1NTE0ZFx1NjA2ZiIsIm0iOjR9LCI0NyI6eyJpZCI6NDcsImdvb2RzIjoiXHU5YjQ1XHU2NWNmXHU3OWZiXHU1MmE4XHU3NTM1XHU2ZTkwXHVmZjA4XHU2ODA3XHU1MWM2XHU3MjQ4XHVmZjA5IiwicHJpY2UiOjk5LjAsIm51bSI6bnVsbCwicGljbmFtZSI6IjE1MDUzMjM4MTIuanBnIiwic3RvcmUiOjEyMjIsImRlc2NyIjoiXHU3ZDIwXHU5NmM1XHU3NjdlXHU2NDJkIFx1OTg5Y1x1NTAzY1x1NTE3OFx1ODMwMyIsIm0iOjR9fX0=','2017-09-28 23:38:56.675704'),('wd1e4qygq1nufohbkgnri2iqz8kh3hpv','M2QxZGNhZGI2NTVkYjcxZTY1NGNlZDY3YjFhYzUwNmQxNGQ0ZmM3NTp7InNob3BsaXN0Ijp7IjMwIjp7ImlkIjozMCwiZ29vZHMiOiJcdTRlNTBcdTVmYzNcdThmZDBcdTUyYThcdTYyNGJcdTczYWZtYW1ibyBIUiBcdTVmYzNcdTczODdcdTc2ZDFcdTZkNGIiLCJwcmljZSI6MTk5LjAsIm51bSI6MCwicGljbmFtZSI6IjE1MDUzMjEyMzMuanBnIiwic3RvcmUiOjIwLCJkZXNjciI6Ilx1NWZjM1x1NzM4N1x1NjhjMFx1NmQ0Ylx1ZmYwY1x1OTcwN1x1NTJhOFx1NGVhZVx1NWM0ZiIsIm0iOjJ9LCIzIjp7ImlkIjozLCJnb29kcyI6Ilx1OWI0NVx1NjVjZiBNWDYiLCJwcmljZSI6MTU5OS4wLCJudW0iOjAsInBpY25hbWUiOiIxNTA1MjQxMjYxLmpwZyIsInN0b3JlIjoyMCwiZGVzY3IiOiJcdTUxNjhcdTkxZDFcdTVjNWVcdTVmZWJcdTUxNDVcdTYyY2RcdTcxNjdcdTY1ZDdcdTgyMzAgIFx1OGQyZFx1NjczYVx1NGVhYjZcdTY3MWZcdTUxNGRcdTYwNmYiLCJtIjoxfSwiMzEiOnsiaWQiOjMxLCJnb29kcyI6IkNJTElORS1cdTZjODFcdTllOWZcdTY2N2FcdTgwZmRcdThjMDNcdTZlMjlcdTUxN2JcdTc1MWZcdTU4ZjYiLCJwcmljZSI6MjI5LjAsIm51bSI6MCwicGljbmFtZSI6IjE1MDUzMjE3OTYuanBnIiwic3RvcmUiOjEyMjIyLCJkZXNjciI6Ilx1NGY2MFx1Njc2NVx1NTRjMVx1ODMzNlx1NjFjMlx1ODMzNiBcdTUxN2JcdTc1MWZcdTU4ZjZcdTRmMWFcdTU0YzFcdTRmNjBcdTYxYzJcdTRmNjAgXHU2MDUyXHU1YjlhXHU2YzM0XHU2ZTI5IFx1NTNlZlx1OTg4NFx1N2VhNiIsIm0iOjF9fSwib3JkZXJsaXN0Ijp7IjM2Ijp7ImlkIjozNiwiZ29vZHMiOiJcdTY2YjRcdTk4Y2VcdTliNTRcdTk1NWNcdTVjMGZNXHU4NjVhXHU2MmRmXHU3M2IwXHU1YjllXHU2NjdhXHU4MGZkVlJcdTc3M2NcdTk1NWMgXHU1N2ZhXHU3ODQwXHU3MjQ4IiwicHJpY2UiOjQ5LjAsIm51bSI6MCwicGljbmFtZSI6IjE1MDUzMjI2ODkuanBnIiwic3RvcmUiOjEyMjIyLCJkZXNjciI6IklNQVhcdTVkZThcdTVjNGZcdTVmNzFcdTk2NjIgMzYwXHU1ZWE2XHU1MTY4XHU1ZjcxXHU4OWM2XHU5ODkxXHJcbiIsIm0iOjF9fSwidG90YWwiOjQ5LjAsInZlcmlmeWNvZGUiOiIzQkc0IiwiYWRtaW51c2VyIjp7ImlkIjo0NCwidXNlcm5hbWUiOiJ4aWFvbGkyIiwibmFtZSI6Ilx1ODA5Nlx1OWVjZSIsImFkZHJlc3MiOiJcdTUzMTdcdTRlYWNcdTVlMDJcdTY2MGNcdTVlNzNcdTUzM2FcdTUzNGVcdTlmOTlcdTgyZDFcdTUzNTdcdTkxY2MyXHU1M2Y3XHU2OTdjMVx1NTM1NVx1NTE0MzEwMlxyXG4iLCJwaG9uZSI6IjEzOTMwMTc1MDQ2IiwiY29kZSI6IiJ9fQ==','2017-09-30 15:22:45.774504'),('wph2kywpe3r0vs5eh6tza4zv694qgf2q','NjFkZmVmNzBkOTA2YWRhYzhmNzk4ZDliZTg5MmFiYzljNWU5YWQ1Yjp7InNob3BsaXN0Ijp7fX0=','2017-09-28 22:46:23.087979'),('xwg47s1l05cnm1xv3txuoxsabyvjj05b','ZGY3MTUwNGIzOWRkZmVmNTJmNDc4ZGIxOGQ5ZmYxMzRjNWM5NzMxYTp7InZlcmlmeWNvZGUiOiI1UkVFIiwiYWRtaW51c2VyIjoiYWRtaW4ifQ==','2017-09-26 16:03:15.010565'),('z66kty6o5gwrjdxip6ntttmf4hm4a36n','NTM0OTlkNTE3NzczOWFhZDRlNDQzMzcxNDYwYzIzYWQ5N2Y2NDNlYzp7InNob3BsaXN0Ijp7fSwidmVyaWZ5Y29kZSI6IkcyQkgifQ==','2017-10-01 05:37:28.677698');

/*Table structure for table `myweb_detail` */

DROP TABLE IF EXISTS `myweb_detail`;

CREATE TABLE `myweb_detail` (
  `id` int(11) NOT NULL AUTO_INCREMENT,
  `orderid` int(11) DEFAULT NULL COMMENT '订单id号',
  `goodsid` int(11) DEFAULT NULL COMMENT '商品id号',
  `name` varchar(32) COLLATE utf8_german2_ci DEFAULT NULL COMMENT '商品名称',
  `price` double(6,2) DEFAULT NULL COMMENT '单价',
  `num` int(11) DEFAULT NULL COMMENT '数量',
  PRIMARY KEY (`id`),
  KEY `orderid` (`orderid`)
) ENGINE=InnoDB AUTO_INCREMENT=154 DEFAULT CHARSET=utf8 COLLATE=utf8_german2_ci;

/*Data for the table `myweb_detail` */

insert  into `myweb_detail`(`id`,`orderid`,`goodsid`,`name`,`price`,`num`) values (40,41,36,'暴风魔镜小M虚拟现实智能VR眼镜 基础版',49.00,3),(41,41,26,'魅蓝 Note6',1299.00,1),(42,41,31,'CILINE-沁麟智能调温养生壶',229.00,1),(76,53,43,'魅族蓝牙小音箱',169.00,1),(77,53,28,'魅蓝 5s',999.00,4),(78,54,3,'魅族 MX6',1599.00,4),(79,55,43,'魅族蓝牙小音箱',169.00,2),(80,55,40,'雷柏炫彩背光游戏键盘V56',99.00,2),(81,56,32,'CILINE-沁麟2.5L智能靠谱煲',299.00,2),(82,56,3,'魅族 MX6',1599.00,2),(83,57,35,'纽曼智能眼镜虚拟现实3D眼镜NM-VR01',89.00,1),(84,57,56,'魅族盒子一键找回遥控器',399.00,2),(85,58,36,'暴风魔镜小M虚拟现实智能VR眼镜 基础版',49.00,3),(86,59,36,'暴风魔镜小M虚拟现实智能VR眼镜 基础版',49.00,4),(87,59,26,'魅蓝 Note6',1299.00,2),(88,59,31,'CILINE-沁麟智能调温养生壶',229.00,2),(89,60,36,'暴风魔镜小M虚拟现实智能VR眼镜 基础版',49.00,7),(90,60,48,'魅族移动电源（小黄人闪充版）',199.00,2),(91,61,26,'魅蓝 Note6',1299.00,2),(92,61,50,'雷柏轻薄台式笔记本电脑静音键盘N7000',99.00,2),(93,62,53,'魅族蓝牙自拍杆',99.00,3),(94,63,36,'暴风魔镜小M虚拟现实智能VR眼镜 基础版',49.00,7),(95,63,43,'魅族蓝牙小音箱',169.00,5),(96,64,47,'魅族移动电源（标准版）',99.00,2),(97,64,45,'魅族Type-C 金属数据线',39.00,2),(98,65,47,'魅族移动电源（标准版）',99.00,2),(99,65,39,'雷柏游戏鼠标 电竞鼠标V26',149.00,4),(100,66,32,'CILINE-沁麟2.5L智能靠谱煲',299.00,2),(101,66,41,'魅蓝EP52蓝牙耳机',299.00,3),(102,67,32,'CILINE-沁麟2.5L智能靠谱煲',299.00,2),(103,68,41,'魅蓝EP52蓝牙耳机',299.00,2),(104,68,47,'魅族移动电源（标准版）',99.00,4),(105,69,29,'乐心S5智能体脂秤',199.00,3),(106,70,43,'魅族蓝牙小音箱',169.00,3),(107,70,47,'魅族移动电源（标准版）',99.00,2),(108,71,43,'魅族蓝牙小音箱',169.00,3),(109,71,33,'魅族手环',229.00,3),(110,72,43,'魅族蓝牙小音箱',169.00,3),(111,72,40,'雷柏炫彩背光游戏键盘V56',99.00,3),(112,73,36,'暴风魔镜小M虚拟现实智能VR眼镜 基础版',49.00,3),(113,74,43,'魅族蓝牙小音箱',169.00,2),(114,75,26,'魅蓝 Note6',1299.00,2),(115,75,47,'魅族移动电源（标准版）',99.00,2),(116,76,36,'暴风魔镜小M虚拟现实智能VR眼镜 基础版',49.00,7),(117,77,35,'纽曼智能眼镜虚拟现实3D眼镜NM-VR01',89.00,2),(118,77,39,'雷柏游戏鼠标 电竞鼠标V26',149.00,2),(119,78,49,'雷柏无线超薄键鼠套装9060',169.00,2),(120,79,48,'魅族移动电源（小黄人闪充版）',199.00,3),(121,80,52,'猎奇LQ-025 智能手机外置镜头',169.00,3),(122,81,2,'魅族PRO 6 Plus',2699.00,3),(123,81,32,'CILINE-沁麟2.5L智能靠谱煲',299.00,2),(124,82,26,'魅蓝 Note6',1299.00,4),(125,82,2,'魅族PRO 6 Plus',2699.00,2),(126,83,2,'魅族PRO 6 Plus',2699.00,3),(127,84,2,'魅族PRO 6 Plus',2699.00,12),(128,85,1,'魅族PRO 7 Plus',3580.00,7),(129,86,1,'魅族PRO 7 Plus',3580.00,10),(130,87,1,'魅族PRO 7 Plus',3580.00,8),(131,88,1,'魅族PRO 7 Plus',3580.00,5),(132,89,1,'魅族PRO 7 Plus',3580.00,3),(133,90,1,'魅族PRO 7 Plus',3580.00,3),(134,91,2,'魅族PRO 6 Plus',2699.00,5),(135,92,1,'魅族PRO 7 Plus',3580.00,3),(136,93,1,'魅族PRO 7 Plus',3580.00,1),(137,94,1,'魅族PRO 7 Plus',3580.00,1),(138,95,1,'魅族PRO 7 Plus',3580.00,1),(139,96,1,'魅族PRO 7 Plus',3580.00,1),(140,97,1,'魅族PRO 7 Plus',3580.00,1),(141,98,1,'魅族PRO 7 Plus',3580.00,1),(142,99,1,'魅族PRO 7 Plus',3580.00,1),(143,100,1,'魅族PRO 7 Plus',3580.00,1),(144,101,1,'魅族PRO 7 Plus',3580.00,1),(145,102,2,'魅族PRO 6 Plus',2699.00,1),(146,103,1,'魅族PRO 7 Plus',3580.00,1),(147,104,1,'魅族PRO 7 Plus',3580.00,1),(148,105,1,'魅族PRO 7 Plus',3580.00,1),(149,106,1,'魅族PRO 7 Plus',3580.00,1),(150,107,1,'魅族PRO 7 Plus',3580.00,1),(151,108,1,'魅族PRO 7 Plus',3580.00,2),(152,109,1,'魅族PRO 7 Plus',3580.00,1),(153,110,1,'魅族PRO 7 Plus',3580.00,3);

/*Table structure for table `myweb_goods` */

DROP TABLE IF EXISTS `myweb_goods`;

CREATE TABLE `myweb_goods` (
  `id` int(11) NOT NULL AUTO_INCREMENT COMMENT '商品id',
  `goods` varchar(32) COLLATE utf8_german2_ci DEFAULT NULL COMMENT '商品名称',
  `company` varchar(50) COLLATE utf8_german2_ci DEFAULT NULL COMMENT '生产厂家',
  `descr` text COLLATE utf8_german2_ci COMMENT '简介',
  `price` double(6,2) DEFAULT NULL COMMENT '单价',
  `picname` varchar(255) COLLATE utf8_german2_ci DEFAULT NULL COMMENT '图片名',
  `state` tinyint(1) DEFAULT '1' COMMENT '状态',
  `store` int(11) DEFAULT '0' COMMENT '库存量',
  `num` int(11) unsigned DEFAULT NULL COMMENT '被购买数量',
  `clicknum` int(11) DEFAULT '0' COMMENT '点击次数',
  `addtime` varchar(32) COLLATE utf8_german2_ci DEFAULT NULL COMMENT '添加时间',
  `typeid` int(11) DEFAULT NULL,
  PRIMARY KEY (`id`)
) ENGINE=InnoDB AUTO_INCREMENT=58 DEFAULT CHARSET=utf8 COLLATE=utf8_german2_ci;

/*Data for the table `myweb_goods` */

insert  into `myweb_goods`(`id`,`goods`,`company`,`descr`,`price`,`picname`,`state`,`store`,`num`,`clicknum`,`addtime`,`typeid`) values (1,'魅族PRO 7 Plus','魅族','12期免息 购机即助力免费午餐公益项目',3580.00,'1505241378.png',3,20,30,106,'2017-09-05 06:49:07',5),(2,'魅族PRO 6 Plus','魅族','直降200元，仅售2299元 享6期免息',2699.00,'1505241242.jpg',2,20,16,37,'2017-09-05 06:57:13',5),(3,'魅族 MX6','魅族','全金属快充拍照旗舰  购机享6期免息',1599.00,'1505241261.jpg',2,20,20,40,'2017-09-05 07:03:14',5),(26,'魅蓝 Note6','魅蓝','16G/32G标配版每周一10:00预售  支持128G扩展',1299.00,'1505320675.jpg',1,20,14,38,'2017-09-13 16:37:55',6),(27,'魅蓝 E2','魅蓝','限时特惠100元，原价1299元',1199.00,'1505338183.jpg',1,20,13,44,'2017-09-13 16:38:34',6),(28,'魅蓝 5s','魅蓝','32G版限时领券立减50元',999.00,'1505320764.jpg',1,16,12,7,'2017-09-13 16:39:24',6),(29,'乐心S5智能体脂秤','乐心','炫彩呼吸灯 4用户同时识别 250天超长续航',199.00,'1505320871.jpg',1,20,11,23,'2017-09-13 16:41:11',7),(30,'乐心运动手环mambo HR 心率监测','乐心','心率检测，震动亮屏',199.00,'1505321233.jpg',1,20,10,3,'2017-09-13 16:47:13',7),(31,'CILINE-沁麟智能调温养生壶','沁麟','你来品茶懂茶 养生壶会品你懂你 恒定水温 可预约',229.00,'1505321796.jpg',1,20,9,20,'2017-09-13 16:56:36',8),(32,'CILINE-沁麟2.5L智能靠谱煲','沁麟','一键搞定饭菜汤 选它很靠谱 支持6期免息',299.00,'1505321846.jpg',1,18,8,10,'2017-09-13 16:57:26',8),(33,'魅族手环','魅族','腕间流动的心率专家',229.00,'1505321999.jpg',1,20,7,2,'2017-09-13 16:59:59',23),(34,'乐心手环MAMBO 大麦版','乐心','微信互联 来电提醒 即时消息 睡眠监测 防水',99.00,'1505322029.jpg',1,20,8,6,'2017-09-13 17:00:29',23),(35,'纽曼智能眼镜虚拟现实3D眼镜NM-VR01','纽曼','买即送手柄 军工工艺 舒适透气升级 防疲劳',89.00,'1505322095.jpg',1,20,3,3,'2017-09-13 17:01:35',24),(36,'暴风魔镜小M虚拟现实智能VR眼镜 基础版','暴风','IMAX巨屏影院 360度全影视频\r\n',49.00,'1505322689.jpg',1,20,9,30,'2017-09-13 17:11:29',24),(37,'新游智能游戏手柄新玩Q1酷玩版','飞智','与手机适配性高 按键交互性强 蓝牙+2.4G无线连接',119.00,'1505323035.jpg',1,20,1,0,'2017-09-13 17:17:15',28),(38,'飞智黑武士蓝牙无线手柄','飞智','正版游戏云端适配 购飞智游戏手柄即送手柄支架',116.00,'1505323074.jpg',1,20,1,0,'2017-09-13 17:17:54',28),(39,'雷柏游戏鼠标 电竞鼠标V26','雷柏','准确定位 7档dpi可调 磨砂握感',149.00,'1505323131.jpg',1,20,1,5,'2017-09-13 17:18:51',29),(40,'雷柏炫彩背光游戏键盘V56','雷柏','游戏键盘 炫彩背光 防溅洒设计',99.00,'1505323165.jpg',1,20,1,6,'2017-09-13 17:19:25',29),(41,'魅蓝EP52蓝牙耳机','魅蓝','新品到货 限量抢购',299.00,'1505323315.jpg',1,20,2,11,'2017-09-13 17:21:55',11),(42,'魅族 EP51蓝牙运动耳机','魅蓝','臻享音质 自在运动',229.00,'1505323347.jpg',1,20,3,6,'2017-09-13 17:22:27',11),(43,'魅族蓝牙小音箱','魅族','好音感 直达心灵',169.00,'1505323436.jpg',1,19,1,17,'2017-09-13 17:23:55',12),(44,'Beats pill+ 蓝牙音响','魅蓝','音乐药丸来了！ Beats入苹果后的第一款音箱',1888.00,'1505323480.jpg',1,20,1,6,'2017-09-13 17:24:40',12),(45,'魅族Type-C 金属数据线','魅族','支持2A快速充电 耐用又放心',39.00,'1505323694.jpg',1,20,1,1,'2017-09-13 17:28:14',25),(46,'魅族Micro USB数据线','魅族','广泛兼容 经久耐用',29.00,'1505323755.jpg',1,20,1,1,'2017-09-13 17:29:15',25),(47,'魅族移动电源（标准版）','魅族','素雅百搭 颜值典范',99.00,'1505323812.jpg',1,20,1,12,'2017-09-13 17:30:12',26),(48,'魅族移动电源（小黄人闪充版）','魅族','萌宝新品 火热抢购',199.00,'1505323841.jpg',1,20,1,9,'2017-09-13 17:30:41',26),(49,'雷柏无线超薄键鼠套装9060','雷柏','无线光学超薄键鼠套装 紧凑设计 简单便捷',169.00,'1505324021.jpg',1,20,1,2,'2017-09-13 17:33:41',27),(50,'雷柏轻薄台式笔记本电脑静音键盘N7000','雷柏','有线静音键盘 镭雕键帽 更耐用',99.00,'1505324050.jpg',1,20,1,1,'2017-09-13 17:34:10',27),(51,'猎奇(LIEQI)手机镜头 广角+鱼眼+微距套装','猎奇','手机外置镜头 单反手机镜头 手机自拍镜头 通用型',43.90,'1505324191.jpg',1,20,1,0,'2017-09-13 17:36:31',31),(52,'猎奇LQ-025 智能手机外置镜头','猎奇','0.6x广角 10x微距 二合一 ',169.00,'1505324254.jpg',1,20,1,1,'2017-09-13 17:37:34',31),(53,'魅族蓝牙自拍杆','魅族','还给你自由的双手',99.00,'1505324277.jpg',1,20,1,1,'2017-09-13 17:37:57',32),(54,'魅族缤纷 MINi自拍杆','魅族','轻巧Mini 自在随心',39.00,'1505324297.jpg',1,20,1,0,'2017-09-13 17:38:17',32),(55,'Beats EP 有线头戴式耳机','Beats ','Beats EP 有线头戴式耳机',788.00,'1505513573.jpg',1,20,1,1,'2017-09-15 22:12:53',11),(56,'魅族盒子一键找回遥控器','魅族','一键找回遥控器，海量容量，4K输出',399.00,'1505626020.jpg',1,20,1,2,'2017-09-17 05:27:00',7),(57,'雷柏有线光学鼠标N3600','雷柏','可调节光学引擎 含前后进退按键 USB有线鼠标',49.00,'1505626234.jpg',1,20,1,1,'2017-09-17 05:30:34',29);

/*Table structure for table `myweb_orders` */

DROP TABLE IF EXISTS `myweb_orders`;

CREATE TABLE `myweb_orders` (
  `id` int(11) NOT NULL AUTO_INCREMENT,
  `uid` int(11) DEFAULT NULL COMMENT '会员id号',
  `linkman` varchar(32) COLLATE utf8_german2_ci DEFAULT NULL COMMENT '联系人',
  `address` varchar(255) COLLATE utf8_german2_ci DEFAULT NULL COMMENT '地址',
  `code` char(6) COLLATE utf8_german2_ci DEFAULT NULL COMMENT '邮编',
  `phone` varchar(16) COLLATE utf8_german2_ci DEFAULT NULL COMMENT '电话',
  `addtime` varchar(32) COLLATE utf8_german2_ci DEFAULT NULL COMMENT '购买时间',
  `total` double(8,2) DEFAULT NULL COMMENT '总金额',
  `status` tinyint(4) DEFAULT NULL COMMENT '状态',
  PRIMARY KEY (`id`)
) ENGINE=InnoDB AUTO_INCREMENT=111 DEFAULT CHARSET=utf8 COLLATE=utf8_german2_ci;

/*Data for the table `myweb_orders` */

insert  into `myweb_orders`(`id`,`uid`,`linkman`,`address`,`code`,`phone`,`addtime`,`total`,`status`) values (41,16,'肖黎','北京市昌平区华龙苑南里2号楼1单元102','11011','13930175046','2017-09-16 10:41:56',1675.00,2),(53,16,'肖黎','北京市昌平区华龙苑南里2号楼5单元102','11011','13930175046','2017-09-16 15:44:43',4165.00,1),(54,16,'肖黎','北京市昌平区华龙苑南里2号楼1单元102','11011','13930175046','2017-09-16 21:10:10',6396.00,2),(55,16,'李四','北京市昌平区和谐家园1期2号楼1单元203','12345','13930175046','2017-09-17 02:44:17',536.00,2),(56,18,'小离','北京市昌平区华龙苑南里2号楼1单元203','11011','13930175046','2017-09-17 07:13:59',3796.00,1),(57,16,'王五','北京市昌平区华龙苑南里2号楼1单元102','11011','13930175046','2017-09-17 14:44:45',887.00,3),(58,16,'肖黎','北京市昌平区华龙苑南里2号楼1单元102','11011','13930175046','2017-09-17 16:08:35',147.00,3),(59,19,'叶修拓','北京市昌平区华龙苑南里2号楼1单元204','11011','13930171046','2017-09-17 18:44:19',3252.00,3),(60,19,'林寒','北京市昌平区华龙苑南里2号楼1单元204','11011','13930171046','2017-09-17 18:45:18',741.00,2),(61,19,'叶修拓','北京市昌平区华龙苑南里2号楼1单元204','11011','13930171046','2017-09-17 18:51:58',2796.00,3),(62,19,'叶修拓','北京市昌平区华龙苑南里2号楼1单元204','11011','13930171046','2017-09-17 18:52:20',297.00,2),(63,19,'林寒','北京市昌平区华龙苑南里2号楼1单元204','11011','13930171046','2017-09-17 18:52:48',1188.00,2),(64,16,'肖黎','北京市昌平区华龙苑南里2号楼1单元102','11011','13930175046','2017-09-17 20:33:27',276.00,1),(65,16,'肖黎','北京市昌平区华龙苑南里2号楼1单元102','11011','13930175046','2017-09-17 20:38:14',794.00,2),(66,19,'叶修拓','北京市昌平区华龙苑南里2号楼1单元204','11011','13930171046','2017-09-17 21:03:53',1495.00,2),(67,19,'叶修拓','北京市昌平区华龙苑南里2号楼1单元204','11011','13930171046','2017-09-17 21:04:34',598.00,3),(68,19,'叶修拓','北京市昌平区华龙苑南里2号楼1单元204','11011','13930171046','2017-09-17 21:05:01',994.00,3),(69,19,'叶修拓','北京市昌平区华龙苑南里2号楼1单元204','11011','13930171046','2017-09-17 21:06:39',597.00,3),(70,19,'叶修拓','北京市昌平区华龙苑南里2号楼1单元204','11011','13930171046','2017-09-17 21:07:30',705.00,1),(71,19,'叶修拓','北京市昌平区华龙苑南里2号楼1单元204','11011','13930171046','2017-09-17 21:08:04',1194.00,1),(72,19,'叶修拓','北京市昌平区华龙苑南里2号楼1单元204','11011','13930171046','2017-09-17 21:29:51',804.00,1),(73,19,'叶修拓','北京市昌平区华龙苑南里2号楼1单元204','11011','13930171046','2017-09-17 21:32:08',147.00,1),(74,19,'叶修拓','北京市昌平区华龙苑南里2号楼1单元204','11011','13930171046','2017-09-17 22:56:54',338.00,1),(75,16,'肖黎','北京市昌平区华龙苑南里2号楼1单元102','11011','13930175046','2017-09-17 23:12:16',2796.00,1),(76,20,'林寒','北京市昌平区华龙苑南里2号楼1单元301','11011','13930175146','2017-09-17 23:16:13',343.00,3),(77,20,'林寒','北京市昌平区华龙苑南里2号楼1单元301','11011','13930175146','2017-09-17 23:16:55',476.00,3),(78,20,'林寒','北京市昌平区华龙苑南里2号楼1单元301','11011','13930175146','2017-09-17 23:17:24',338.00,1),(79,20,'林寒','北京市昌平区华龙苑南里2号楼1单元301','11011','13930175146','2017-09-17 23:17:48',597.00,1),(80,20,'林寒','北京市昌平区华龙苑南里2号楼1单元301','11011','13930175146','2017-09-17 23:21:06',507.00,2),(81,20,'林寒1','北京市昌平区华龙苑南里2号楼1单元303','11011','13930175142','2017-09-17 23:30:11',8695.00,1),(82,20,'林寒','北京市昌平区华龙苑南里2号楼1单元301','11011','13930175146','2017-09-18 00:24:33',10594.00,1),(83,20,'林寒','北京市昌平区华龙苑南里2号楼1单元301','11011','13930175146','2017-09-18 00:24:46',8097.00,1),(84,20,'林寒','北京市昌平区华龙苑南里2号楼1单元301','11011','13930175146','2017-09-18 00:25:02',32388.00,1),(85,20,'林寒','北京市昌平区华龙苑南里2号楼1单元301','11011','13930175146','2017-09-18 01:01:14',25060.00,3),(86,20,'林寒','北京市昌平区华龙苑南里2号楼1单元301','11011','13930175146','2017-09-18 01:02:05',35800.00,3),(87,20,'林寒','北京市昌平区华龙苑南里2号楼1单元301','11011','13930175146','2017-09-18 01:50:28',28640.00,3),(88,20,'林寒','北京市昌平区华龙苑南里2号楼1单元301','11011','13930175146','2017-09-18 01:52:28',17900.00,3),(89,20,'林寒','北京市昌平区华龙苑南里2号楼1单元301','11011','13930175146','2017-09-18 02:01:29',10740.00,3),(90,20,'林寒','北京市昌平区华龙苑南里2号楼1单元301','11011','13930175146','2017-09-18 02:02:37',10740.00,3),(91,20,'林寒','北京市昌平区华龙苑南里2号楼1单元301','11011','13930175146','2017-09-18 02:10:13',13495.00,3),(92,20,'林寒','北京市昌平区华龙苑南里2号楼1单元301','11011','13930175146','2017-09-18 03:25:17',10740.00,3),(93,20,'林寒','北京市昌平区华龙苑南里2号楼1单元301','11011','13930175146','2017-09-18 04:20:59',3580.00,3),(94,20,'林寒','北京市昌平区华龙苑南里2号楼1单元301','11011','13930175146','2017-09-18 04:21:50',3580.00,3),(95,20,'林寒','北京市昌平区华龙苑南里2号楼1单元301','11011','13930175146','2017-09-18 04:30:11',3580.00,3),(96,20,'林寒','北京市昌平区华龙苑南里2号楼1单元301','11011','13930175146','2017-09-18 04:33:25',3580.00,3),(97,20,'林寒','北京市昌平区华龙苑南里2号楼1单元301','11011','13930175146','2017-09-18 04:41:07',3580.00,3),(98,20,'林寒','北京市昌平区华龙苑南里2号楼1单元301','11011','13930175146','2017-09-18 04:42:43',3580.00,3),(99,20,'林寒','北京市昌平区华龙苑南里2号楼1单元301','11011','13930175146','2017-09-18 04:45:30',3580.00,3),(100,20,'林寒','北京市昌平区华龙苑南里2号楼1单元301','11011','13930175146','2017-09-18 04:47:33',3580.00,3),(101,20,'林寒','北京市昌平区华龙苑南里2号楼1单元301','11011','13930175146','2017-09-18 04:49:13',3580.00,3),(102,20,'林寒','北京市昌平区华龙苑南里2号楼1单元301','11011','13930175146','2017-09-18 04:51:31',2699.00,3),(103,20,'林寒','北京市昌平区华龙苑南里2号楼1单元301','11011','13930175146','2017-09-18 04:53:50',3580.00,3),(104,20,'林寒','北京市昌平区华龙苑南里2号楼1单元301','11011','13930175146','2017-09-18 04:56:10',3580.00,3),(105,20,'林寒','北京市昌平区华龙苑南里2号楼1单元301','11011','13930175146','2017-09-18 04:59:01',3580.00,3),(106,20,'林寒','北京市昌平区华龙苑南里2号楼1单元301','11011','13930175146','2017-09-18 05:01:11',3580.00,3),(107,20,'林寒','北京市昌平区华龙苑南里2号楼1单元301','11011','13930175146','2017-09-18 05:04:29',3580.00,3),(108,20,'林寒','北京市昌平区华龙苑南里2号楼1单元301','11011','13930175146','2017-09-18 05:07:18',7160.00,3),(109,20,'林寒','北京市昌平区华龙苑南里2号楼1单元301','11011','13930175146','2017-09-18 05:08:31',3580.00,3),(110,20,'林寒','北京市昌平区华龙苑南里2号楼1单元301','11011','13930175146','2017-09-18 05:12:19',10740.00,1);

/*Table structure for table `myweb_pics` */

DROP TABLE IF EXISTS `myweb_pics`;

CREATE TABLE `myweb_pics` (
  `id` int(10) unsigned NOT NULL AUTO_INCREMENT,
  `picname` varchar(32) DEFAULT NULL,
  `addtime` varchar(255) DEFAULT NULL,
  PRIMARY KEY (`id`)
) ENGINE=InnoDB AUTO_INCREMENT=35 DEFAULT CHARSET=utf8;

/*Data for the table `myweb_pics` */

insert  into `myweb_pics`(`id`,`picname`,`addtime`) values (1,'1.jpg','1504258884'),(2,'2.jpg','1504258892'),(3,'3.jpg','1504275295'),(4,'1.jpg','1504275559'),(13,'ls5.png','2017-09-05 01:37:45'),(14,'ls5.png','2017-09-05 01:38:02'),(15,'ls5.png','2017-09-05 01:38:30'),(16,'mx6.jpg','2017-09-05 01:38:49'),(17,'pro6plus.jpg','2017-09-05 01:43:48'),(18,'ls5.png','2017-09-05 01:47:18'),(19,'ls5.png','2017-09-05 01:47:45'),(20,'ls5.png','2017-09-05 01:48:32'),(21,'ls5.png','2017-09-05 01:50:16'),(22,'ls5.png','2017-09-05 01:51:20'),(23,'ls5.png','2017-09-05 01:51:23'),(24,'ls5.png','2017-09-05 01:51:35'),(25,'mx6.jpg','2017-09-05 03:03:58'),(26,'mx6.jpg','2017-09-05 03:05:23'),(27,'ls5.png','2017-09-05 03:05:48'),(28,'ls5.png','2017-09-05 03:07:13'),(29,'ls5.png','2017-09-05 03:07:28'),(30,'ls5.png','2017-09-05 03:07:45'),(31,'mx6.jpg','2017-09-05 03:08:09'),(32,'mx6.jpg','2017-09-05 03:08:24'),(33,'mx6.jpg','2017-09-05 03:08:39'),(34,'ls5.png','2017-09-05 03:08:59');

/*Table structure for table `myweb_types` */

DROP TABLE IF EXISTS `myweb_types`;

CREATE TABLE `myweb_types` (
  `id` int(11) NOT NULL AUTO_INCREMENT COMMENT '分类id',
  `name` varchar(32) COLLATE utf8_german2_ci DEFAULT NULL COMMENT '分类名称',
  `pid` int(11) DEFAULT '0' COMMENT '父类id号',
  `path` varchar(255) COLLATE utf8_german2_ci DEFAULT NULL COMMENT '分类路径',
  PRIMARY KEY (`id`)
) ENGINE=InnoDB AUTO_INCREMENT=33 DEFAULT CHARSET=utf8 COLLATE=utf8_german2_ci;

/*Data for the table `myweb_types` */

insert  into `myweb_types`(`id`,`name`,`pid`,`path`) values (1,'手机',0,'0,'),(2,'智能设备',0,'0,'),(3,'智能穿戴',0,'0,'),(4,'数码影音',0,'0,'),(5,'魅族手机',1,'0,1,'),(6,'魅蓝手机',1,'0,1,'),(7,'智能健康',2,'0,2,'),(8,'智能厨房',2,'0,2,'),(9,'智能娱乐',2,'0,2,'),(10,'游戏设备',0,'0,'),(11,'耳机',4,'0,4,'),(12,'音响',4,'0,4,'),(13,'手机配件/移动电源',0,'0,'),(22,'移动储存/办公设备',0,'0,'),(23,'手环',3,'0,3,'),(24,'智能VR',3,'0,3,'),(25,'数据线',13,'0,13,'),(26,'移动电源',13,'0,13,'),(27,'办公设备',22,'0,22,'),(28,'游戏手柄',10,'0,10,'),(29,'游戏键鼠',10,'0,10,'),(30,'生活周边',0,'0,'),(31,'手机镜头',30,'0,30,'),(32,'自拍杆',30,'0,30,');

/*Table structure for table `myweb_users` */

DROP TABLE IF EXISTS `myweb_users`;

CREATE TABLE `myweb_users` (
  `id` int(11) NOT NULL AUTO_INCREMENT COMMENT '用户id',
  `username` varchar(32) COLLATE utf8_german2_ci NOT NULL COMMENT '账号',
  `name` varchar(16) COLLATE utf8_german2_ci DEFAULT NULL COMMENT '真实姓名',
  `passwd` char(32) COLLATE utf8_german2_ci NOT NULL COMMENT '密码',
  `sex` tinyint(1) DEFAULT NULL COMMENT '性别',
  `address` varchar(255) COLLATE utf8_german2_ci DEFAULT NULL COMMENT '地址',
  `code` char(6) COLLATE utf8_german2_ci DEFAULT NULL COMMENT '邮编',
  `phone` varchar(16) COLLATE utf8_german2_ci DEFAULT NULL COMMENT '电话',
  `email` varchar(50) COLLATE utf8_german2_ci NOT NULL COMMENT 'Email',
  `state` tinyint(1) DEFAULT '1' COMMENT '状态:1：启用，2：禁用 0:后台管理员',
  `addtime` varchar(50) COLLATE utf8_german2_ci DEFAULT NULL COMMENT '注册时间',
  PRIMARY KEY (`id`),
  UNIQUE KEY `username` (`username`)
) ENGINE=InnoDB AUTO_INCREMENT=69 DEFAULT CHARSET=utf8 COLLATE=utf8_german2_ci;

/*Data for the table `myweb_users` */

insert  into `myweb_users`(`id`,`username`,`name`,`passwd`,`sex`,`address`,`code`,`phone`,`email`,`state`,`addtime`) values (1,'admin','admin','e10adc3949ba59abbe56e057f20f883e',1,'北京市昌平区龙锦苑1号楼9单元101','1111','13930175056','admin@sohu.com',0,'2017-01-01 14:23:00'),(5,'linyun','linyun','fcea920f7412b5da7be0cf42b8c93759',0,'','1234','13930175046','wulei@shouhu.com',2,'2017-02-07 13:40:00'),(7,'sushan111','苏珊111','e10adc3949ba59abbe56e057f20f883e',0,'','1234','13930175046','wulei@shouhu.com',2,'2017-02-10 23:10:00'),(8,'sushan2222','苏珊2222','e10adc3949ba59abbe56e057f20f883e',0,'','','13930175046','wulei@shouhu.com',2,'2017-02-11 04:30:00'),(9,'sushan','苏珊','e10adc3949ba59abbe56e057f20f883e',0,'北京市昌平区华龙苑南里1号楼2单元301\r\n','1234','13930175044','sushan@shouhu.com',2,'2017-05-24 01:23:00'),(10,'xiaolan6','xiaolan6','d41d8cd98f00b204e9800998ecf8427e',1,'12344','1111','213333333333','123@qq.com',2,'2017-06-15 11:34:00'),(11,'xiaolan7','xiaolan7','fcea920f7412b5da7be0cf42b8c93759',0,'123445','11111','13930175053','xiaolan7@qq.com',2,'2017-07-01 01:23:00'),(12,'zhushimao','朱时茂','fcea920f7412b5da7be0cf42b8c93759',0,'北京市昌平区华龙苑南里2号楼1单元201','1234','13930175047','zhushimao@shouhu.com',2,'2017-08-11 01:23:00'),(13,'yexiu12','叶修12','4297f44b13955235245b2497399d7a93',1,'北京市昌平区华龙苑南里2号楼1单元104','1234','13930175046','yexiu12@shouhu.com',1,'2017-09-04 01:33:00'),(14,'yexiu13','叶修13','96e79218965eb72c92a549dd5a330112',1,'北京市昌平区华龙苑南里2号楼1单元103','1234','13930175046','yexiu13@shouhu.com',1,'2017-09-04 01:23:00'),(15,'xiaoli','小李','e10adc3949ba59abbe56e057f20f883e',1,'北京市昌平区华龙苑南里2号楼1单元101','11011','13930175046','xiaoli@sohu.com',1,'2017-09-13 23:44:11'),(16,'xiaoli2','肖黎','d41d8cd98f00b204e9800998ecf8427e',1,'北京市昌平区华龙苑南里2号楼1单元102\r\n','11011','','',1,'2017-09-14 00:15:51'),(17,'xiaoli3','小李子','d41d8cd98f00b204e9800998ecf8427e',0,'北京市昌平区华龙苑南里2号楼1单元202','11011','','',1,'2017-09-14 00:16:45'),(18,'xiaoli4','小离','e10adc3949ba59abbe56e057f20f883e',0,'北京市昌平区华龙苑南里2号楼1单元203','11011','13930115046','xiaoli4@sohu.com',1,'2017-09-14 00:18:12'),(19,'yexiutuo','叶修拓','e10adc3949ba59abbe56e057f20f883e',0,'北京市昌平区华龙苑南里2号楼1单元204','11011','','',1,'2017-09-14 00:19:02'),(20,'linhan','林寒','d41d8cd98f00b204e9800998ecf8427e',0,'北京市昌平区华龙苑南里2号楼1单元301','11011','','111@qq.com',1,'2017-09-14 00:22:33'),(21,'rongliu','容六','d41d8cd98f00b204e9800998ecf8427e',1,'北京市昌平区华龙苑南里2号楼1单元302','11011','13930175046','rongliu2@shouhu.com',1,'2017-09-14 00:23:08'),(22,'xiaomeng','肖蒙','e10adc3949ba59abbe56e057f20f883e',1,'北京市昌平区华龙苑南里2号楼1单元303','11011','13930175041','xiaomeng@sohu.com',1,'2017-09-14 00:23:48'),(23,'jiayan','加彦','e10adc3949ba59abbe56e057f20f883e',1,'北京市昌平区华龙苑南里2号楼1单元304','11011','13930175042','jiayan@sohu.com',1,'2017-09-14 00:26:27'),(24,'mengli','梦离','e10adc3949ba59abbe56e057f20f883e',1,'北京市昌平区华龙苑南里3号楼1单元101','11011','13930175026','mengli@sohu.com',1,'2017-09-14 00:32:45'),(25,'xiaoxuan','肖玄','e10adc3949ba59abbe56e057f20f883e',1,'北京市昌平区华龙苑南里3号楼1单元102','11011','13930175246','xiaoxuan@sohu.com',1,'2017-09-14 00:33:32'),(26,'ouyangwen','欧阳','96e79218965eb72c92a549dd5a330112',1,'北京市昌平区华龙苑南里3号楼1单元103','11011','13930172046','ouyangwen@sohu.com',1,'2017-09-14 00:34:22'),(27,'duyouyu','杜悠予','',1,'北京市昌平区华龙苑南里3号楼1单元104','11011','13930165046','douyouyu@sohu.com',2,'2017-09-14 01:01:34'),(28,'zhongli','钟礼','e10adc3949ba59abbe56e057f20f883e',1,'北京市昌平区华龙苑南里3号楼2单元101','11011','13930176046','zhongli@sohu.com',1,'2017-09-14 08:52:03'),(29,'renningyuan','任宁远','e10adc3949ba59abbe56e057f20f883e',1,'北京市昌平区华龙苑南里3号楼2单元102','11011','13930175646','renningyuan@sohu.com',1,'2017-09-14 08:53:59'),(30,'quke','曲珂','e10adc3949ba59abbe56e057f20f883e',1,'北京市昌平区华龙苑南里3号楼2单元203','11011','13930175066','quke@sohu.com',1,'2017-09-14 08:56:21');

/*!40101 SET SQL_MODE=@OLD_SQL_MODE */;
/*!40014 SET FOREIGN_KEY_CHECKS=@OLD_FOREIGN_KEY_CHECKS */;
